game_id,game_date,matchup,home_team,home_pts,home_reb,home_ast,home_tov,home_fg_pct,away_team,away_pts,away_reb,away_ast,away_tov,away_fg_pct,home_win,point_diff,reb_diff,ast_diff,tov_diff,home_elo,away_elo,elo_diff,home_injuries,away_injuries,injury_diff,home_roll5_pts,away_roll5_pts,home_roll5_reb,away_roll5_reb,home_roll5_ast,away_roll5_ast,roll5_point_diff,roll5_reb_diff,roll5_ast_diff,home_advantage
0022400705,2025-02-03,MIL @ OKC,OKC,13,7,0,2,0.556,MIL,10,1,1,0,0.364,1,3,6,-1,2,1631.7,1534.1,97.60000000000014,3,2,-1,13.0,10.0,7.0,1.0,0.0,1.0,3.0,6.0,-1.0,1
0022400701,2025-02-03,ATL @ DET,DET,30,6,14,3,0.348,ATL,34,0,9,5,0.563,0,-4,6,5,-2,1514.6,1495.1,19.5,2,0,-2,30.0,34.0,6.0,0.0,14.0,9.0,-4.0,6.0,5.0,1
0022400702,2025-02-03,HOU @ NYK,NYK,7,1,1,1,0.429,HOU,11,6,1,1,0.333,0,-4,-5,0,0,1548.8,1553.7,-4.900000000000091,0,3,3,7.0,11.0,1.0,6.0,1.0,1.0,-4.0,-5.0,0.0,1
0022400708,2025-02-03,GSW vs. ORL,GSW,8,5,2,2,0.5,ORL,2,2,1,1,0.5,1,6,3,1,1,1534.1,1500.0,34.09999999999991,3,3,0,8.0,2.0,5.0,2.0,2.0,1.0,6.0,3.0,1.0,1
0022400706,2025-02-03,NOP @ DEN,DEN,11,6,4,0,0.357,NOP,14,6,5,1,0.385,0,-3,0,-1,-1,1543.9,1402.4,141.5,2,0,-2,11.0,14.0,6.0,6.0,4.0,5.0,-3.0,0.0,-1.0,1
0022400716,2025-02-04,IND @ POR,POR,0,1,0,0,,IND,0,2,6,2,0.0,0,0,-1,-6,-2,1475.6,1543.9,-68.30000000000018,1,3,2,0.0,0.0,1.0,2.0,0.0,6.0,0.0,-1.0,-6.0,1
0022400713,2025-02-04,NYK @ TOR,TOR,16,3,9,2,0.583,NYK,4,0,1,0,0.4,1,12,3,8,2,1446.3,1548.8,-102.5,0,1,1,16.0,4.0,3.0,0.0,9.0,1.0,12.0,3.0,8.0,1
0022400714,2025-02-04,MIA @ CHI,CHI,5,0,0,0,1.0,MIA,5,2,3,0,0.167,0,0,-2,-3,0,1490.2,1480.5,9.700000000000045,0,3,3,5.0,5.0,0.0,2.0,0.0,3.0,0.0,-2.0,-3.0,1
0022400715,2025-02-04,LAC vs. LAL,LAC,8,10,3,2,0.286,LAL,6,6,0,0,0.667,1,2,4,3,2,1543.9,1543.9,0.0,3,1,-2,8.0,6.0,10.0,6.0,3.0,0.0,2.0,4.0,3.0,1
0022400711,2025-02-04,HOU @ BKN,BKN,2,2,4,1,0.25,HOU,4,1,1,0,0.5,0,-2,1,3,1,1426.8,1553.7,-126.90000000000009,0,3,3,2.0,7.5,2.0,3.5,4.0,1.0,-5.5,-1.5,3.0,1
0022400710,2025-02-04,BOS @ CLE,CLE,5,4,0,0,0.5,BOS,22,4,7,1,0.304,0,-17,0,-7,-1,1612.2,1597.6,14.600000000000136,0,1,1,5.0,22.0,4.0,4.0,0.0,7.0,-17.0,0.0,-7.0,1
0022400712,2025-02-04,PHI vs. DAL,PHI,33,4,13,3,0.591,DAL,1,1,0,0,,1,32,3,13,3,1417.1,1490.2,-73.10000000000014,0,3,3,33.0,1.0,4.0,1.0,13.0,0.0,32.0,3.0,13.0,1
0022400726,2025-02-05,NOP @ DEN,DEN,0,0,0,0,,NOP,12,6,2,1,0.75,0,-12,-6,-2,-1,1543.9,1402.4,141.5,3,3,0,5.5,13.0,3.0,6.0,2.0,3.5,-7.5,-3.0,-1.5,1
0022400723,2025-02-05,CHI @ MIN,MIN,4,1,0,1,0.5,CHI,14,5,1,0,0.4,0,-10,-4,-1,1,1539.0,1490.2,48.799999999999955,0,3,3,4.0,14.0,1.0,5.0,0.0,1.0,-10.0,-4.0,-1.0,1
0022400725,2025-02-05,GSW @ UTA,UTA,0,0,0,0,0.0,GSW,4,0,0,0,1.0,0,-4,0,0,0,1382.9,1534.1,-151.19999999999982,3,1,-2,0.0,4.0,0.0,0.0,0.0,0.0,-4.0,0.0,0.0,1
0022400720,2025-02-05,BKN vs. WAS,BKN,1,0,2,1,0.0,WAS,17,7,3,1,0.75,0,-16,-7,-1,0,1426.8,1387.8,39.0,0,3,3,1.5,17.0,1.0,7.0,3.0,3.0,-15.5,-6.0,0.0,1
0022400721,2025-02-05,MIA @ PHI,PHI,8,4,3,0,0.375,MIA,23,5,7,3,0.889,0,-15,-1,-4,-3,1417.1,1480.5,-63.40000000000009,3,3,0,20.5,14.0,4.0,3.5,8.0,5.0,6.5,0.5,3.0,1
0022400724,2025-02-05,PHX @ OKC,OKC,7,2,1,0,0.429,PHX,6,1,2,0,0.5,1,1,1,-1,0,1631.7,1475.6,156.10000000000014,0,3,3,10.0,6.0,4.5,1.0,0.5,2.0,4.0,3.5,-1.5,1
0022400719,2025-02-05,SAS @ ATL,ATL,6,1,0,0,0.375,SAS,11,4,9,1,0.444,0,-5,-3,-9,-1,1495.1,1465.9,29.199999999999818,1,1,0,6.0,11.0,1.0,4.0,0.0,9.0,-5.0,-3.0,-9.0,1
0022400722,2025-02-05,TOR vs. MEM,TOR,10,1,5,2,0.8,MEM,7,4,1,1,0.5,1,3,-3,4,1,1446.3,1534.1,-87.79999999999995,2,3,1,13.0,7.0,2.0,4.0,7.0,1.0,6.0,-2.0,6.0,1
0022400718,2025-02-05,DET vs. CLE,DET,9,1,1,2,0.429,CLE,30,9,7,2,0.625,0,-21,-8,-6,0,1514.6,1612.2,-97.60000000000014,3,3,0,19.5,30.0,3.5,9.0,7.5,7.0,-10.5,-5.5,0.5,1
0022400727,2025-02-05,ORL @ SAC,SAC,10,0,3,3,0.364,ORL,0,1,0,0,0.0,1,10,-1,3,3,1495.1,1500.0,-4.900000000000091,1,0,-1,10.0,1.0,0.0,1.5,3.0,0.5,9.0,-1.5,2.5,1
0022400717,2025-02-05,MIL @ CHA,CHA,6,0,2,0,0.5,MIL,6,2,4,1,0.4,0,0,-2,-2,-1,1392.7,1534.1,-141.39999999999986,1,3,2,6.0,8.0,0.0,1.5,2.0,2.5,-2.0,-1.5,-0.5,1
0022400732,2025-02-06,POR vs. SAC,POR,0,0,1,0,0.0,SAC,7,3,0,2,0.5,0,-7,-3,1,-2,1475.6,1495.1,-19.5,0,3,3,0.0,7.0,0.5,3.0,0.5,0.0,-7.0,-2.5,0.5,1
0022400731,2025-02-06,LAL vs. GSW,LAL,11,3,2,0,0.667,GSW,13,5,4,0,0.714,0,-2,-2,-2,0,1543.9,1534.1,9.800000000000182,3,1,-2,11.0,8.5,3.0,2.5,2.0,2.0,2.5,0.5,0.0,1
0022400733,2025-02-06,LAC vs. IND,LAC,22,4,3,2,0.4,IND,4,3,3,0,0.0,1,18,1,0,2,1543.9,1543.9,0.0,2,3,1,15.0,2.0,7.0,2.5,3.0,4.5,13.0,4.5,-1.5,1
0022400729,2025-02-06,HOU @ MIN,MIN,15,11,4,2,0.375,HOU,10,5,1,1,1.0,1,5,6,3,1,1539.0,1553.7,-14.700000000000045,3,2,-1,9.5,8.333333333333334,6.0,4.0,2.0,1.0,1.166666666666666,2.0,1.0,1
0022400730,2025-02-06,DEN vs. ORL,DEN,5,3,5,1,0.333,ORL,7,2,0,0,0.333,0,-2,1,5,1,1543.9,1500.0,43.90000000000009,2,0,-2,5.333333333333333,3.0,3.0,1.6666666666666667,3.0,0.3333333333333333,2.333333333333333,1.3333333333333333,2.6666666666666665,1
0022400728,2025-02-06,BOS vs. DAL,BOS,2,3,2,1,0.5,DAL,19,3,4,3,0.412,0,-17,0,-2,-2,1597.6,1490.2,107.39999999999986,3,2,-1,2.0,10.0,3.0,2.0,2.0,2.0,-8.0,1.0,0.0,1
0022400737,2025-02-07,MIA @ BKN,BKN,11,8,1,1,0.333,MIA,15,4,6,4,0.273,0,-4,4,-5,-3,1426.8,1480.5,-53.700000000000045,3,0,-3,4.666666666666667,14.333333333333334,3.3333333333333335,3.6666666666666665,2.3333333333333335,5.333333333333333,-9.666666666666668,-0.33333333333333304,-2.9999999999999996,1
0022400736,2025-02-07,ATL vs. MIL,ATL,3,1,3,1,0.25,MIL,0,4,2,0,0.0,1,3,-3,1,1,1495.1,1534.1,-39.0,3,2,-1,4.5,5.333333333333333,1.0,2.3333333333333335,1.5,2.3333333333333335,-0.833333333333333,-1.3333333333333335,-0.8333333333333335,1
0022400735,2025-02-07,CLE @ WAS,WAS,2,1,4,0,0.25,CLE,13,5,3,1,0.417,0,-11,-4,1,-1,1387.8,1612.2,-224.4000000000001,2,0,-2,2.0,21.5,1.0,7.0,4.0,5.0,-19.5,-6.0,-1.0,1
0022400738,2025-02-07,PHI @ DET,DET,0,0,0,0,,PHI,27,3,7,4,0.45,0,-27,-3,-7,-4,1514.6,1417.1,97.5,0,1,1,13.0,27.0,2.3333333333333335,3.0,5.0,7.0,-14.0,-0.6666666666666665,-2.0,1
0022400734,2025-02-07,SAS @ CHA,CHA,8,5,0,1,0.75,SAS,33,4,2,4,0.667,0,-25,1,-2,-3,1392.7,1465.9,-73.20000000000005,3,2,-1,7.0,22.0,2.5,4.0,1.0,5.5,-15.0,-1.5,-4.5,1
0022400739,2025-02-07,OKC vs. TOR,OKC,4,6,3,2,0.4,TOR,11,2,1,0,0.8,0,-7,4,2,2,1631.7,1446.3,185.4000000000001,0,3,3,8.0,11.0,5.0,2.0,1.3333333333333333,1.0,-3.0,3.0,0.33333333333333326,1
0022400740,2025-02-07,PHX vs. UTA,PHX,12,3,1,0,0.625,UTA,9,3,3,0,0.222,1,3,0,-2,0,1475.6,1382.9,92.69999999999982,0,1,1,12.0,9.0,3.0,3.0,1.0,3.0,3.0,0.0,-2.0,1
0022400744,2025-02-08,ATL @ WAS,WAS,13,7,5,1,0.462,ATL,35,2,14,6,0.5,0,-22,5,-9,-5,1387.8,1495.1,-107.29999999999995,0,2,2,7.5,34.5,4.0,1.0,4.5,11.5,-27.0,3.0,-7.0,1
0022400751,2025-02-08,UTA @ LAC,LAC,0,0,2,0,,UTA,21,4,4,4,0.5,0,-21,-4,-2,-4,1543.9,1382.9,161.0,1,1,0,10.0,15.0,4.666666666666667,3.5,2.6666666666666665,3.5,-5.0,1.166666666666667,-0.8333333333333335,1
0022400746,2025-02-08,OKC @ MEM,MEM,3,2,1,1,0.333,OKC,0,0,0,0,0.0,1,3,2,1,1,1534.1,1631.7,-97.60000000000014,0,0,0,3.0,0.0,2.0,0.0,1.0,0.0,3.0,2.0,1.0,1
0022400750,2025-02-08,SAC vs. NOP,SAC,13,4,7,5,0.357,NOP,6,2,0,1,1.0,1,7,2,7,4,1495.1,1402.4,92.69999999999982,1,0,-1,11.5,10.666666666666666,2.0,4.666666666666667,5.0,2.3333333333333335,0.8333333333333339,-2.666666666666667,2.6666666666666665,1
0022400743,2025-02-08,ORL vs. SAS,ORL,17,7,6,5,0.412,SAS,0,1,0,1,0.0,1,17,6,6,4,1500.0,1465.9,34.09999999999991,2,2,0,17.0,14.666666666666666,7.0,3.0,6.0,3.6666666666666665,2.333333333333334,4.0,2.3333333333333335,1
0022400747,2025-02-08,MIN vs. POR,MIN,8,0,6,2,0.333,POR,0,5,0,1,0.0,1,8,-5,6,1,1539.0,1475.6,63.40000000000009,2,1,-1,9.0,0.0,4.0,5.0,3.3333333333333335,0.0,9.0,-1.0,3.3333333333333335,1
0022400742,2025-02-08,LAL vs. IND,LAL,8,1,1,0,0.8,IND,23,6,4,0,0.4,0,-15,-5,-3,0,1543.9,1543.9,0.0,3,0,-3,9.5,9.0,2.0,3.6666666666666665,1.5,4.333333333333333,0.5,-1.6666666666666665,-2.833333333333333,1
0022400749,2025-02-08,DEN @ PHX,PHX,0,1,1,0,,DEN,2,1,0,0,1.0,0,-2,0,1,0,1475.6,1543.9,-68.30000000000018,1,3,2,6.0,2.0,2.0,1.0,1.0,0.0,4.0,1.0,1.0,1
0022400741,2025-02-08,DAL vs. HOU,DAL,16,4,0,0,0.7,HOU,3,3,0,0,0.167,1,13,1,0,0,1490.2,1553.7,-63.5,2,2,0,16.0,7.0,4.0,3.75,0.0,0.75,9.0,0.25,-0.75,1
0022400745,2025-02-08,CHI vs. GSW,CHI,16,4,5,3,0.6,GSW,7,8,0,1,0.667,1,9,-4,5,2,1490.2,1534.1,-43.899999999999864,0,2,2,10.5,8.0,2.0,4.333333333333333,2.5,1.3333333333333333,2.5,-2.333333333333333,1.1666666666666667,1
0022400748,2025-02-08,BOS @ NYK,NYK,0,4,0,2,0.0,BOS,11,8,0,1,0.571,0,-11,-4,0,1,1548.8,1597.6,-48.799999999999955,1,3,2,3.5,16.5,2.5,6.0,0.5,3.5,-13.0,-3.5,-3.0,1
0022400753,2025-02-09,HOU vs. TOR,HOU,11,6,1,1,0.364,TOR,15,9,7,0,0.316,0,-4,-3,-6,1,1553.7,1446.3,107.40000000000009,1,2,1,11.0,13.0,6.0,5.5,1.0,4.0,-2.0,0.5,-3.0,1
0022400752,2025-02-09,DET vs. CHA,DET,9,2,2,1,0.444,CHA,8,7,4,0,0.083,1,1,-5,-2,1,1514.6,1392.7,121.89999999999986,1,0,-1,12.0,8.0,2.25,7.0,4.25,4.0,4.0,-4.75,0.25,1
0022400754,2025-02-09,PHI @ MIL,MIL,13,8,5,3,0.385,PHI,7,2,1,1,0.429,1,6,6,4,2,1534.1,1417.1,117.0,1,3,2,13.0,17.0,8.0,2.5,5.0,4.0,-4.0,5.5,1.0,1
0022400768,2025-02-10,UTA @ LAL,LAL,2,0,0,1,1.0,UTA,9,1,0,0,0.75,0,-7,-1,0,1,1543.9,1382.9,161.0,1,0,-1,7.0,13.0,1.3333333333333333,2.6666666666666665,1.0,2.3333333333333335,-6.0,-1.3333333333333333,-1.3333333333333335,1
0022400757,2025-02-10,SAS @ WAS,WAS,18,6,2,1,0.7,SAS,7,3,1,1,0.222,1,11,3,1,0,1387.8,1465.9,-78.10000000000014,2,1,-1,11.0,12.75,4.666666666666667,3.0,3.6666666666666665,3.0,-1.75,1.666666666666667,0.6666666666666665,1
0022400758,2025-02-10,BKN vs. CHA,BKN,7,6,1,1,0.286,CHA,9,9,4,3,0.25,0,-2,-3,-3,-2,1426.8,1392.7,34.09999999999991,1,3,2,5.25,8.5,4.0,8.0,2.0,4.0,-3.25,-4.0,-2.0,1
0022400759,2025-02-10,MIA vs. BOS,MIA,3,1,0,0,0.2,BOS,33,8,2,0,0.5,0,-30,-7,-2,0,1480.5,1597.6,-117.09999999999991,2,0,-2,3.0,22.0,1.0,6.666666666666667,0.0,3.0,-19.0,-5.666666666666667,-3.0,1
0022400760,2025-02-10,GSW @ MIL,MIL,21,6,0,2,0.667,GSW,2,0,0,0,0.5,1,19,6,0,2,1534.1,1534.1,0.0,2,2,0,17.0,6.5,7.0,3.25,2.5,1.0,10.5,3.75,1.5,1
0022400763,2025-02-10,DEN vs. POR,DEN,2,0,1,0,1.0,POR,21,7,0,1,1.0,0,-19,-7,1,-1,1543.9,1475.6,68.30000000000018,3,0,-3,4.5,10.5,2.25,6.0,2.5,0.0,-6.0,-3.75,2.5,1
0022400762,2025-02-10,DAL vs. SAC,DAL,4,0,0,1,0.667,SAC,16,15,8,3,0.7,0,-12,-15,-8,-2,1490.2,1495.1,-4.899999999999864,3,0,-3,10.0,11.5,2.0,9.0,0.0,4.0,-1.5,-7.0,-4.0,1
0022400761,2025-02-10,NOP @ OKC,OKC,8,1,5,1,0.5,NOP,0,1,0,1,0.0,1,8,0,5,0,1631.7,1402.4,229.29999999999995,0,3,3,8.0,8.0,4.0,3.75,2.25,1.75,0.0,0.25,0.5,1
0022400755,2025-02-10,CLE vs. MIN,CLE,0,1,0,2,0.0,MIN,4,0,0,0,0.5,0,-4,1,0,2,1612.2,1539.0,73.20000000000005,3,0,-3,2.5,4.0,2.5,0.0,0.0,0.0,-1.5,2.5,0.0,1
0022400756,2025-02-10,ATL @ ORL,ORL,0,3,0,1,0.0,ATL,9,1,2,1,0.333,0,-9,2,-2,0,1500.0,1495.1,4.900000000000091,0,3,3,8.5,26.0,5.0,1.0,3.0,8.333333333333334,-17.5,4.0,-5.333333333333334,1
0022400766,2025-02-11,CHI vs. DET,CHI,6,3,0,0,0.333,DET,0,0,1,0,0.0,1,6,3,-1,0,1490.2,1514.6,-24.399999999999864,3,1,-2,9.0,0.0,2.3333333333333335,0.0,1.6666666666666667,1.0,9.0,2.3333333333333335,0.6666666666666667,1
0022400765,2025-02-11,NYK @ IND,IND,0,5,1,0,0.0,NYK,0,0,0,0,0.0,0,0,5,1,0,1543.9,1548.8,-4.899999999999864,3,0,-3,0.0,2.0,5.0,0.0,1.0,0.5,-2.0,5.0,0.5,1
0022400764,2025-02-11,PHI vs. TOR,PHI,0,0,0,0,0.0,TOR,3,1,0,0,0.333,0,-3,-1,0,0,1417.1,1446.3,-29.200000000000045,2,1,-1,13.666666666666666,9.666666666666666,2.6666666666666665,4.0,5.333333333333333,2.6666666666666665,4.0,-1.3333333333333335,2.6666666666666665,1
0022400767,2025-02-11,MEM @ PHX,PHX,6,4,1,0,0.5,MEM,4,9,0,0,0.333,1,2,-5,1,0,1475.6,1534.1,-58.5,2,1,-1,6.0,5.5,2.6666666666666665,6.5,1.0,0.5,0.5,-3.8333333333333335,0.5,1
0022400769,2025-02-12,BOS vs. SAS,BOS,32,14,7,2,0.48,SAS,0,0,0,0,,1,32,14,7,2,1597.6,1465.9,131.69999999999982,1,2,1,17.0,10.2,8.5,2.4,4.5,2.4,6.800000000000001,6.1,2.1,1
0022400774,2025-02-12,CLE @ TOR,TOR,2,0,2,2,0.2,CLE,15,2,8,1,0.467,0,-13,-2,-6,1,1446.3,1612.2,-165.9000000000001,1,0,-1,9.333333333333334,19.333333333333332,1.3333333333333333,5.333333333333333,5.333333333333333,6.0,-9.999999999999998,-4.0,-0.666666666666667,1
0022400777,2025-02-12,NOP vs. SAC,NOP,8,6,2,0,0.6,SAC,16,15,5,1,0.615,0,-8,-9,-3,-1,1402.4,1495.1,-92.69999999999982,2,2,0,8.0,13.0,6.0,11.0,2.0,4.333333333333333,-5.0,-5.0,-2.333333333333333,1
0022400782,2025-02-12,DAL vs. GSW,DAL,12,1,0,0,0.667,GSW,13,5,5,3,0.5,0,-1,-4,-5,-3,1490.2,1534.1,-43.899999999999864,0,2,2,10.666666666666666,7.8,1.6666666666666667,3.6,0.0,1.8,2.8666666666666663,-1.9333333333333333,-1.8,1
0022400780,2025-02-12,DEN vs. POR,DEN,3,3,1,2,0.2,POR,13,2,2,1,0.4,0,-10,1,-1,1,1543.9,1475.6,68.30000000000018,0,0,0,4.2,11.333333333333334,2.4,4.666666666666667,2.2,0.6666666666666666,-7.133333333333334,-2.266666666666667,1.5333333333333337,1
0022400779,2025-02-12,HOU vs. PHX,HOU,5,1,1,0,1.0,PHX,10,5,6,6,0.364,0,-5,-4,-5,-6,1553.7,1475.6,78.10000000000014,3,3,0,8.0,8.0,3.5,3.0,1.0,4.0,0.0,0.5,-3.0,1
0022400775,2025-02-12,CHI vs. DET,CHI,15,2,2,1,0.714,DET,0,1,1,1,0.0,1,15,1,1,0,1490.2,1514.6,-24.399999999999864,3,0,-3,10.5,0.0,2.25,0.5,1.75,1.0,10.5,1.75,0.75,1
0022400781,2025-02-12,LAL @ UTA,UTA,10,7,9,4,0.667,LAL,9,0,1,0,0.75,1,1,7,8,4,1382.9,1543.9,-161.0,3,0,-3,5.0,7.5,3.5,3.0,4.5,0.5,-2.5,0.5,4.0,1
0022400778,2025-02-12,MIA @ OKC,OKC,17,2,1,2,0.7,MIA,11,3,4,2,0.333,1,6,-1,-3,0,1631.7,1480.5,151.20000000000005,0,2,2,9.8,13.5,3.6,3.5,2.0,5.0,-3.6999999999999993,0.10000000000000009,-3.0,1
0022400776,2025-02-12,MIL @ MIN,MIN,2,1,0,1,0.2,MIL,4,5,3,1,0.167,0,-2,-4,-3,0,1539.0,1534.1,4.900000000000091,1,3,2,7.25,5.0,3.25,3.0,2.5,2.5,2.25,0.25,0.0,1
0022400771,2025-02-12,IND @ WAS,WAS,14,9,1,2,0.5,IND,28,5,4,2,0.579,0,-14,4,-3,0,1387.8,1543.9,-156.10000000000014,3,0,-3,11.75,13.75,5.75,4.0,3.0,4.25,-2.0,1.75,-1.25,1
0022400772,2025-02-12,BKN vs. PHI,BKN,6,5,3,0,0.333,PHI,13,5,3,0,0.462,0,-7,0,0,0,1426.8,1417.1,9.700000000000045,0,0,0,5.4,15.666666666666666,4.2,3.3333333333333335,2.2,3.6666666666666665,-10.266666666666666,0.8666666666666667,-1.4666666666666663,1
0022400773,2025-02-12,NYK vs. ATL,NYK,44,10,3,7,0.56,ATL,16,2,1,1,0.545,1,28,8,2,6,1548.8,1495.1,53.700000000000045,3,0,-3,17.0,23.5,5.0,1.25,1.3333333333333333,6.5,-6.5,3.75,-5.166666666666667,1
0022400770,2025-02-12,ORL vs. CHA,ORL,16,7,2,4,0.545,CHA,3,3,1,0,0.2,1,13,4,1,4,1500.0,1392.7,107.29999999999995,3,3,0,11.0,6.666666666666667,5.666666666666667,6.333333333333333,2.6666666666666665,3.0,4.333333333333333,-0.6666666666666661,-0.3333333333333335,1
0022400783,2025-02-12,LAC vs. MEM,LAC,5,0,0,0,0.667,MEM,4,2,0,2,0.333,1,1,-2,0,-2,1543.9,1534.1,9.800000000000182,0,1,1,8.75,5.0,3.5,5.0,2.0,0.3333333333333333,3.75,-1.5,1.6666666666666667,1
0022400785,2025-02-13,NOP vs. SAC,NOP,2,2,0,0,0.5,SAC,32,2,10,3,0.5,0,-30,0,-10,-3,1402.4,1495.1,-92.69999999999982,0,1,1,5.0,17.75,4.0,8.75,1.0,5.75,-12.75,-4.75,-4.75,1
0022400786,2025-02-13,DAL vs. MIA,DAL,2,5,3,0,0.0,MIA,17,9,1,2,0.571,0,-15,-4,2,-2,1490.2,1480.5,9.700000000000045,1,3,2,8.5,14.2,2.5,4.6,0.75,4.2,-5.699999999999999,-2.0999999999999996,-3.45,1
0022401004,2025-02-13,LAC @ UTA,UTA,16,4,8,7,0.556,LAC,6,5,0,0,0.4,1,10,-1,8,7,1382.9,1543.9,-161.0,1,3,2,8.666666666666666,6.0,3.6666666666666665,5.0,5.666666666666667,0.0,2.666666666666666,-1.3333333333333335,5.666666666666667,1
0022400787,2025-02-13,MIN vs. OKC,MIN,6,3,5,0,0.429,OKC,0,0,0,0,0.0,1,6,3,5,0,1539.0,1631.7,-92.70000000000005,1,0,-1,7.0,0.0,3.2,0.0,3.0,0.0,7.0,3.2,3.0,1
0022400784,2025-02-13,GSW @ HOU,HOU,3,5,3,1,0.2,GSW,2,1,0,0,0.2,1,1,4,3,1,1553.7,1534.1,19.600000000000136,3,3,0,6.333333333333333,7.4,4.0,3.8,1.6666666666666667,1.8,-1.0666666666666673,0.20000000000000018,-0.1333333333333333,1
0022400524,2025-02-19,LAL vs. CHA,LAL,8,2,2,3,0.333,CHA,27,5,6,3,0.474,0,-19,-3,-4,0,1543.9,1392.7,151.20000000000005,0,1,1,7.25,11.75,1.5,6.0,1.25,3.75,-4.5,-4.5,-2.5,1
0022400791,2025-02-20,CLE @ BKN,BKN,13,4,3,3,0.364,CLE,9,4,1,1,0.3,1,4,0,2,2,1426.8,1612.2,-185.4000000000001,3,2,-1,7.6,16.75,4.6,5.0,2.0,4.75,-9.15,-0.40000000000000036,-2.75,1
0022400790,2025-02-20,ATL vs. ORL,ATL,2,2,0,0,0.5,ORL,10,2,0,0,0.571,0,-8,0,0,0,1495.1,1500.0,-4.900000000000091,1,1,0,3.6666666666666665,4.75,1.3333333333333333,1.75,1.0,0.25,-1.0833333333333335,-0.41666666666666674,0.75,1
0022400792,2025-02-20,CHI @ NYK,NYK,7,1,1,0,0.5,CHI,5,5,3,3,0.25,1,2,-4,-2,-3,1548.8,1490.2,58.59999999999991,1,1,0,14.5,9.5,4.0,5.0,1.25,2.0,5.0,-1.0,-0.75,1
0022400789,2025-02-20,BOS @ PHI,PHI,16,5,7,0,0.6,BOS,0,2,0,0,0.0,1,16,3,7,0,1417.1,1597.6,-180.5,3,2,-1,14.25,16.5,3.25,5.5,5.75,2.25,-2.25,-2.25,3.5,1
0022400796,2025-02-20,LAL @ POR,POR,28,4,5,2,0.643,LAL,10,6,0,2,0.571,1,18,-2,5,0,1475.6,1543.9,-68.30000000000018,3,0,-3,9.333333333333334,8.333333333333334,1.6666666666666667,4.0,2.0,0.3333333333333333,1.0,-2.333333333333333,1.6666666666666667,1
0022400793,2025-02-20,MIL vs. LAC,MIL,13,0,2,2,0.714,LAC,20,15,1,2,0.615,0,-7,-15,1,0,1534.1,1543.9,-9.800000000000182,1,0,-1,15.666666666666666,13.0,4.666666666666667,10.0,2.3333333333333335,0.5,2.666666666666666,-5.333333333333333,1.8333333333333335,1
0022400795,2025-02-20,PHX @ SAS,SAS,15,4,2,0,0.667,PHX,2,3,3,1,,1,13,1,-1,-1,1465.9,1475.6,-9.699999999999818,2,3,1,15.0,6.0,4.0,3.0,2.0,3.6666666666666665,9.0,1.0,-1.6666666666666665,1
0022400788,2025-02-20,IND vs. MEM,IND,22,5,9,1,0.529,MEM,2,0,1,0,1.0,1,20,5,8,1,1543.9,1534.1,9.800000000000182,0,1,1,11.0,4.25,5.0,3.75,5.0,0.5,6.75,1.25,4.5,1
0022400794,2025-02-20,DEN vs. CHA,DEN,16,4,2,1,0.5,CHA,16,1,3,0,0.438,0,0,3,-1,1,1543.9,1392.7,151.20000000000005,2,2,0,5.2,12.6,2.0,5.0,1.8,3.6,-7.3999999999999995,-3.0,-1.8,1
0022400804,2025-02-21,OKC @ UTA,UTA,9,3,12,4,0.4,OKC,0,0,0,0,,1,9,3,12,4,1382.9,1631.7,-248.79999999999995,3,1,-2,8.75,0.0,3.5,0.0,7.25,0.0,8.75,3.5,7.25,1
0022400802,2025-02-21,SAS vs. DET,SAS,3,0,2,2,0.333,DET,16,0,1,2,0.571,0,-13,0,1,0,1465.9,1514.6,-48.69999999999982,3,2,-1,9.0,5.333333333333333,2.0,0.3333333333333333,2.0,1.0,3.666666666666667,1.6666666666666667,1.0,1
0022400798,2025-02-21,ORL vs. MEM,ORL,21,6,2,1,0.238,MEM,2,6,0,2,0.5,1,19,0,2,-1,1500.0,1534.1,-34.09999999999991,0,2,2,13.5,3.8,5.75,4.2,2.5,0.4,9.7,1.5499999999999998,2.1,1
0022400799,2025-02-21,MIL @ WAS,WAS,7,5,4,1,0.429,MIL,0,0,0,0,0.0,1,7,5,4,1,1387.8,1534.1,-146.29999999999995,2,1,-1,10.8,4.0,5.6,2.4,3.2,2.0,6.800000000000001,3.1999999999999997,1.2000000000000002,1
0022400800,2025-02-21,MIA @ TOR,TOR,8,4,0,1,0.6,MIA,4,6,1,3,0.286,1,4,-2,-1,-2,1446.3,1480.5,-34.200000000000045,3,3,0,9.0,14.0,2.0,5.4,4.0,3.8,-5.0,-3.4000000000000004,0.20000000000000018,1
0022400801,2025-02-21,HOU vs. MIN,HOU,24,13,2,8,0.381,MIN,2,2,0,0,0.25,1,22,11,2,8,1553.7,1539.0,14.700000000000045,3,0,-3,10.75,3.0,6.25,1.0,1.75,0.0,7.75,5.25,1.75,1
0022400805,2025-02-21,GSW @ SAC,SAC,3,0,1,0,1.0,GSW,2,5,1,2,0.2,1,1,-5,0,-2,1495.1,1534.1,-39.0,0,2,2,8.666666666666666,5.2,1.3333333333333333,3.8,3.6666666666666665,1.2,3.466666666666666,-2.466666666666667,2.466666666666667,1
0022400803,2025-02-21,NOP @ DAL,DAL,0,4,7,2,0.0,NOP,6,10,1,3,0.375,0,-6,-6,6,-1,1490.2,1402.4,87.79999999999995,3,2,-1,6.8,7.6,2.8,5.0,2.0,1.6,-0.7999999999999998,-2.2,0.3999999999999999,1
0022400797,2025-02-21,CLE vs. NYK,CLE,5,4,4,0,0.5,NYK,7,1,0,1,0.429,0,-2,3,4,-1,1612.2,1548.8,63.40000000000009,1,3,2,3.3333333333333335,3.6666666666666665,3.0,0.3333333333333333,1.3333333333333333,0.3333333333333333,-0.33333333333333304,2.6666666666666665,1.0,1
0022400806,2025-02-22,CHI vs. PHX,CHI,15,3,1,2,0.5,PHX,8,2,0,0,0.6,1,7,1,1,2,1490.2,1475.6,14.600000000000136,3,0,-3,11.4,6.5,2.4,2.75,1.6,2.75,4.9,-0.3500000000000001,-1.15,1
0022400808,2025-02-22,DEN vs. LAL,DEN,10,3,3,0,0.429,LAL,0,1,0,0,,1,10,2,3,0,1543.9,1543.9,0.0,3,0,-3,7.2,6.25,2.6,3.25,2.4,0.25,0.9500000000000002,-0.6499999999999999,2.15,1
0022400809,2025-02-22,HOU @ UTA,UTA,8,2,3,1,0.667,HOU,27,12,7,2,0.458,0,-19,-10,-4,-1,1382.9,1553.7,-170.79999999999995,2,3,1,8.6,11.0,3.2,5.4,6.4,2.0,-2.4000000000000004,-2.2,4.4,1
0022400810,2025-02-22,POR vs. CHA,POR,2,1,1,1,0.5,CHA,14,2,2,4,0.333,0,-12,-1,-1,-3,1475.6,1392.7,82.89999999999986,3,1,-2,7.5,13.8,1.5,4.0,1.75,3.2,-6.300000000000001,-2.5,-1.4500000000000002,1
0022400807,2025-02-22,BKN @ PHI,PHI,16,7,5,3,0.5,BKN,10,7,1,1,0.833,1,6,0,4,2,1417.1,1426.8,-9.700000000000045,3,3,0,14.6,10.0,4.0,7.0,5.6,1.0,4.6,-3.0,4.6,1
0022400816,2025-02-23,PHX @ TOR,TOR,6,1,2,1,0.667,PHX,0,1,3,3,0.0,1,6,0,-1,-2,1446.3,1475.6,-29.299999999999955,2,2,0,8.4,5.2,1.8,2.4,3.6,2.8,3.2,-0.5999999999999999,0.8000000000000003,1
0022400815,2025-02-23,ORL vs. WAS,ORL,5,1,3,1,0.4,WAS,12,5,2,3,0.667,0,-7,-4,1,-2,1500.0,1387.8,112.20000000000005,2,2,0,11.8,14.5,4.8,6.0,2.6,2.5,-2.6999999999999993,-1.2000000000000002,0.10000000000000009,1
0022400811,2025-02-23,NYK @ BOS,BOS,8,3,2,0,0.75,NYK,10,2,2,1,0.286,0,-2,1,0,-1,1597.6,1548.8,48.799999999999955,0,0,0,14.0,5.25,6.666666666666667,0.75,3.6666666666666665,0.75,8.75,5.916666666666667,2.9166666666666665,1
0022400820,2025-02-23,MIN vs. OKC,MIN,7,4,1,1,1.0,OKC,6,2,2,1,0.4,1,1,2,-1,0,1539.0,1631.7,-92.70000000000005,0,3,3,7.6,1.5,3.8,0.5,3.2,0.5,6.1,3.3,2.7,1
0022400817,2025-02-23,MIA @ MIL,MIL,5,1,2,1,0.333,MIA,0,2,0,0,,1,5,-1,2,1,1534.1,1480.5,53.59999999999991,2,1,-1,13.0,9.4,3.75,4.8,2.25,2.4,3.5999999999999996,-1.0499999999999998,-0.1499999999999999,1
0022400813,2025-02-23,LAC @ IND,IND,0,0,0,0,,LAC,9,3,1,1,0.6,0,-9,-3,-1,-1,1543.9,1543.9,0.0,2,0,-2,7.333333333333333,11.666666666666666,3.3333333333333335,7.666666666666667,3.3333333333333335,0.6666666666666666,-4.333333333333333,-4.333333333333334,2.666666666666667,1
0022400812,2025-02-23,DAL @ GSW,GSW,4,1,0,0,0.5,DAL,5,0,5,1,0.5,0,-1,1,-5,-1,1534.1,1490.2,43.899999999999864,3,0,-3,6.0,8.333333333333334,3.0,1.3333333333333333,1.0,3.0,-2.333333333333334,1.6666666666666667,-2.0,1
0022400818,2025-02-23,NOP vs. SAS,NOP,19,6,1,1,0.889,SAS,5,3,1,0,0.111,1,14,3,0,1,1402.4,1465.9,-63.5,0,3,3,9.666666666666666,9.0,4.666666666666667,2.2,1.0,0.8,0.6666666666666661,2.466666666666667,0.19999999999999996,1
0022400819,2025-02-23,CLE vs. MEM,CLE,0,0,0,0,0.0,MEM,10,1,1,3,0.4,0,-10,-1,-1,-3,1612.2,1534.1,78.10000000000014,0,3,3,2.5,4.4,2.25,3.6,1.0,0.4,-1.9000000000000004,-1.35,0.6,1
0022400814,2025-02-23,ATL vs. DET,ATL,19,6,3,0,0.5,DET,2,1,1,1,0.333,1,17,5,2,-1,1495.1,1514.6,-19.5,3,2,-1,7.5,4.5,2.5,0.5,1.5,1.0,3.0,2.0,0.5,1
0022400822,2025-02-24,DEN @ IND,IND,17,4,0,2,0.5,DEN,18,9,19,4,0.643,0,-1,-5,-19,-2,1543.9,1543.9,0.0,3,1,-2,9.75,10.0,3.5,5.0,2.5,9.5,-0.25,-1.5,-7.0,1
0022400823,2025-02-24,CHI @ PHI,PHI,0,1,1,0,0.0,CHI,19,5,1,1,0.6,0,-19,-4,0,-1,1417.1,1490.2,-73.10000000000014,3,2,-1,8.0,12.666666666666666,3.4,5.0,3.2,1.6666666666666667,-4.666666666666666,-1.6,1.5333333333333334,1
0022400821,2025-02-24,LAC @ DET,DET,32,9,7,7,0.409,LAC,0,0,0,0,,1,32,9,7,7,1514.6,1543.9,-29.300000000000182,0,1,1,16.0,8.75,3.6,5.75,4.8,0.5,7.25,-2.15,4.3,1
0022400825,2025-02-24,ATL vs. MIA,ATL,2,3,1,1,0.125,MIA,14,5,2,1,0.5,0,-12,-2,-1,0,1495.1,1480.5,14.599999999999909,0,1,1,6.4,9.2,2.6,5.0,1.4,1.6,-2.799999999999999,-2.4,-0.20000000000000018,1
0022400824,2025-02-24,BKN @ WAS,WAS,20,5,2,3,0.5,BKN,7,6,2,2,0.5,1,13,-1,0,1,1387.8,1426.8,-39.0,0,0,0,14.4,8.5,6.4,6.5,2.8,1.5,5.9,-0.09999999999999964,1.2999999999999998,1
0022400827,2025-02-24,POR @ UTA,UTA,12,7,1,1,0.667,POR,12,2,0,1,0.385,0,0,5,1,0,1382.9,1475.6,-92.69999999999982,3,0,-3,11.0,11.5,4.6,4.0,6.6,0.5,-0.5,0.5999999999999996,6.1,1
0022400826,2025-02-24,MIN @ OKC,OKC,6,6,2,0,0.667,MIN,2,0,0,0,0.25,1,4,6,2,0,1631.7,1539.0,92.70000000000005,1,0,-1,8.4,2.6666666666666665,3.4,0.6666666666666666,2.4,0.0,5.733333333333334,2.7333333333333334,2.4,1
0022400828,2025-02-24,SAC vs. CHA,SAC,9,1,0,0,0.6,CHA,4,2,4,1,0.125,1,5,-1,-4,-1,1495.1,1392.7,102.39999999999986,1,1,0,8.75,12.8,1.25,2.6,2.75,3.2,-4.050000000000001,-1.35,-0.4500000000000002,1
0022400829,2025-02-25,BOS @ TOR,TOR,6,3,0,0,0.375,BOS,8,5,0,0,0.667,0,-2,-2,0,0,1446.3,1597.6,-151.29999999999995,1,1,0,6.4,14.8,1.8,5.4,1.8,1.8,-8.4,-3.6000000000000005,0.0,1
0022400830,2025-02-25,CLE @ ORL,ORL,0,2,1,1,0.0,CLE,20,2,2,3,0.583,0,-20,0,-1,-2,1500.0,1612.2,-112.20000000000005,2,2,0,8.4,17.4,3.8,4.4,1.6,4.2,-8.999999999999998,-0.6000000000000005,-2.6,1
0022400833,2025-02-25,NOP vs. SAS,NOP,12,4,0,2,0.385,SAS,2,2,1,0,0.2,1,10,2,-1,2,1402.4,1465.9,-63.5,2,1,-1,10.25,2.8,4.5,1.8,0.75,0.6,7.45,2.7,0.15000000000000002,1
0022400831,2025-02-25,HOU vs. MIL,HOU,13,8,0,3,0.4,MIL,9,6,1,3,0.4,1,4,2,-1,0,1553.7,1534.1,19.600000000000136,1,1,0,11.2,3.8,6.6,3.4,1.4,2.0,7.3999999999999995,3.1999999999999997,-0.6000000000000001,1
0022400834,2025-02-25,GSW vs. CHA,GSW,6,1,0,1,0.667,CHA,16,6,2,3,0.389,0,-10,-5,-2,-2,1534.1,1392.7,141.39999999999986,3,3,0,6.0,15.4,2.3333333333333335,3.2,0.6666666666666666,3.4,-9.4,-0.8666666666666667,-2.7333333333333334,1
0022400832,2025-02-25,PHX @ MEM,MEM,28,6,1,2,0.846,PHX,26,8,7,4,0.421,1,2,-2,-6,-2,1534.1,1475.6,58.5,3,0,-3,15.5,9.2,4.0,3.8,1.0,3.8,6.300000000000001,0.20000000000000018,-2.8,1
0022400835,2025-02-25,DAL @ LAL,LAL,2,0,0,1,0.167,DAL,9,1,3,0,0.375,0,-7,-1,-3,1,1543.9,1490.2,53.700000000000045,3,0,-3,6.2,8.5,1.2,1.25,1.0,3.0,-2.3,-0.050000000000000044,-2.0,1
0022400836,2025-02-26,BOS @ DET,DET,0,0,0,0,,BOS,9,10,2,0,0.3,0,-9,-10,-2,0,1514.6,1597.6,-83.0,2,2,0,10.0,12.2,2.4,6.6,2.0,0.8,-2.1999999999999993,-4.199999999999999,1.2,1
0022400842,2025-02-26,CHI vs. LAC,CHI,5,1,3,0,0.4,LAC,20,3,1,0,0.636,0,-15,-2,2,0,1490.2,1543.9,-53.700000000000045,3,3,0,11.4,11.0,2.6,5.2,2.2,0.6,0.40000000000000036,-2.6,1.6,1
0022400844,2025-02-26,HOU vs. SAS,HOU,2,1,1,1,,SAS,12,4,0,0,0.417,0,-10,-3,1,1,1553.7,1465.9,87.79999999999995,0,0,0,9.4,5.2,5.6,2.4,1.4,0.6,4.2,3.1999999999999997,0.7999999999999999,1
0022400841,2025-02-26,ATL @ MIA,MIA,24,5,6,3,0.563,ATL,11,3,3,2,0.667,1,13,2,3,1,1480.5,1495.1,-14.599999999999909,0,1,1,13.5,21.0,3.0,1.6,3.0,5.8,-7.5,1.4,-2.8,1
0022400838,2025-02-26,NYK vs. PHI,NYK,8,2,0,3,0.8,PHI,25,8,7,7,0.45,0,-17,-6,-7,-4,1548.8,1417.1,131.70000000000005,1,1,0,13.2,18.0,3.6,4.5,1.0,4.5,-4.800000000000001,-0.8999999999999999,-3.5,1
0022400837,2025-02-26,IND vs. TOR,IND,18,10,2,0,0.75,TOR,16,6,0,2,0.636,1,2,4,2,-2,1543.9,1446.3,97.60000000000014,2,3,1,11.4,11.25,4.8,4.5,2.4,2.0,0.15000000000000036,0.2999999999999998,0.3999999999999999,1
0022400839,2025-02-26,POR @ WAS,WAS,8,4,5,0,0.333,POR,16,4,5,4,0.385,0,-8,0,0,-4,1387.8,1475.6,-87.79999999999995,2,0,-2,13.4,12.4,5.8,4.0,2.8,1.4,1.0,1.7999999999999998,1.4,1
0022400843,2025-02-26,SAC @ UTA,UTA,9,3,7,0,0.5,SAC,0,1,0,0,,1,9,2,7,0,1382.9,1495.1,-112.19999999999982,1,0,-1,10.8,14.2,3.8,7.2,6.2,4.6,-3.3999999999999986,-3.4000000000000004,1.6000000000000005,1
0022400840,2025-02-26,BKN vs. OKC,BKN,9,3,0,0,0.25,OKC,13,3,2,3,0.6,0,-4,0,-2,-3,1426.8,1631.7,-204.9000000000001,0,1,1,9.2,3.8,5.2,1.0,1.6,0.8,5.3999999999999995,4.2,0.8,1
0022400846,2025-02-27,MIL vs. DEN,MIL,19,4,4,4,0.556,DEN,20,3,5,2,0.45,0,-1,1,-1,2,1534.1,1543.9,-9.800000000000182,3,2,-1,14.2,13.333333333333334,3.8,4.333333333333333,2.6,8.0,0.8666666666666654,-0.5333333333333332,-5.4,1
0022400849,2025-02-27,LAL vs. MIN,LAL,23,6,5,4,0.5,MIN,10,1,4,0,0.6,1,13,5,1,4,1543.9,1539.0,4.900000000000091,1,2,1,8.6,4.5,1.8,0.75,1.6,1.0,4.1,1.05,0.6000000000000001,1
0022400845,2025-02-27,GSW @ ORL,ORL,9,14,4,4,0.5,GSW,3,1,2,0,0.2,1,6,13,2,4,1500.0,1534.1,-34.09999999999991,2,0,-2,10.2,4.4,6.0,2.4,2.4,1.6,5.799999999999999,3.6,0.7999999999999998,1
0022400847,2025-02-27,DAL vs. CHA,DAL,0,1,0,0,0.0,CHA,11,4,5,2,0.5,0,-11,-3,-5,-2,1490.2,1392.7,97.5,3,2,-1,3.6,12.2,2.2,3.0,2.0,3.2,-8.6,-0.7999999999999998,-1.2000000000000002,1
0022400848,2025-02-27,NOP @ PHX,PHX,10,16,2,2,0.833,NOP,5,6,1,0,0.4,1,5,10,1,2,1475.6,1402.4,73.19999999999982,3,2,-1,7.0,5.8,6.0,5.0,1.25,0.8,1.2000000000000002,1.0,0.44999999999999996,1
0022400850,2025-02-28,DEN @ DET,DET,12,2,3,1,0.5,DEN,0,1,0,0,,1,12,1,3,1,1514.6,1543.9,-29.300000000000182,2,1,-1,10.6,10.0,2.6,3.5,2.4,6.0,0.5999999999999996,-0.8999999999999999,-3.6,1
0022400852,2025-02-28,BOS vs. CLE,BOS,6,6,1,0,0.25,CLE,41,3,5,2,0.5,0,-35,3,-4,-2,1597.6,1612.2,-14.600000000000136,2,0,-2,12.0,19.6,6.5,3.2,3.0,3.8,-7.600000000000001,3.3,-0.7999999999999998,1
0022400855,2025-02-28,CHI vs. TOR,CHI,11,5,2,1,0.556,TOR,23,5,5,2,0.375,0,-12,0,-3,-1,1490.2,1446.3,43.90000000000009,2,0,-2,10.4,13.6,2.8,4.6,1.6,2.6,-3.1999999999999993,-1.7999999999999998,-1.0,1
0022400859,2025-02-28,LAC @ LAL,LAL,8,1,1,1,0.5,LAC,4,1,2,2,0.143,1,4,0,-1,-1,1543.9,1543.9,0.0,3,1,-2,8.6,10.6,1.8,4.4,1.6,1.0,-2.0,-2.6000000000000005,0.6000000000000001,1
0022400851,2025-02-28,ATL vs. OKC,ATL,2,1,0,0,0.5,OKC,20,4,1,0,0.538,0,-18,-3,-1,0,1495.1,1631.7,-136.60000000000014,1,2,1,5.6,7.8,2.6,1.8,1.4,1.0,-2.2,0.8,0.3999999999999999,1
0022400858,2025-02-28,MIN @ UTA,UTA,11,3,14,6,0.5,MIN,5,1,2,1,0.4,1,6,2,12,5,1382.9,1539.0,-156.0999999999999,2,1,-1,9.8,4.6,3.6,0.8,7.4,1.2,5.200000000000001,2.8,6.2,1
0022400853,2025-02-28,BKN vs. POR,BKN,0,3,1,1,0.0,POR,0,0,0,1,0.0,0,0,3,1,0,1426.8,1475.6,-48.799999999999955,3,2,-1,7.0,12.4,4.2,3.0,1.6,1.4,-5.4,1.2000000000000002,0.20000000000000018,1
0022400856,2025-02-28,NYK @ MEM,MEM,25,4,7,4,0.409,NYK,23,7,6,3,0.435,1,2,-3,1,1,1534.1,1548.8,-14.700000000000045,0,1,1,18.666666666666668,8.8,4.0,2.0,3.0,1.8,9.866666666666667,2.0,1.2,1
0022400857,2025-02-28,PHX vs. NOP,PHX,17,0,9,1,0.462,NOP,10,4,3,2,0.4,1,7,-4,6,-1,1475.6,1402.4,73.19999999999982,0,0,0,9.0,5.4,4.8,4.6,2.8,1.0,3.5999999999999996,0.20000000000000018,1.7999999999999998,1
0022400854,2025-02-28,MIA vs. IND,MIA,18,7,7,0,0.571,IND,5,4,1,2,0.667,1,13,3,6,-2,1480.5,1543.9,-63.40000000000009,3,2,-1,15.0,12.0,4.333333333333333,4.0,4.333333333333333,3.6,3.0,0.33333333333333304,0.733333333333333,1
0022400860,2025-03-01,WAS @ CHA,CHA,12,4,4,3,0.313,WAS,10,3,2,1,0.364,1,2,1,2,2,1392.7,1387.8,4.900000000000091,2,0,-2,8.666666666666666,13.0,3.0,5.0,2.0,2.3333333333333335,-4.333333333333334,-2.0,-0.3333333333333335,1
0022400863,2025-03-01,SAS @ MEM,MEM,0,0,0,0,0.0,SAS,24,3,7,1,0.5,0,-24,-3,-7,-1,1534.1,1465.9,68.19999999999982,3,3,0,14.0,8.6,3.0,2.4,2.25,1.8,5.4,0.6000000000000001,0.44999999999999996,1
0022400861,2025-03-01,BKN @ DET,DET,15,7,9,5,0.444,BKN,10,8,2,3,0.2,1,5,-1,7,2,1514.6,1426.8,87.79999999999995,2,2,0,13.6,9.0,4.0,7.0,4.2,1.6666666666666667,4.6,-3.0,2.533333333333333,1
0022400862,2025-03-01,HOU vs. SAC,HOU,14,4,2,2,0.625,SAC,5,0,1,0,1.0,1,9,4,1,2,1553.7,1495.1,58.600000000000136,3,0,-3,11.2,13.8,6.2,6.6,1.6,4.8,-2.6000000000000014,-0.39999999999999947,-3.1999999999999997,1
0022400864,2025-03-01,GSW @ PHI,PHI,5,0,3,0,0.667,GSW,5,6,2,2,0.25,0,0,-6,1,-2,1417.1,1534.1,-117.0,3,3,0,7.4,5.0,2.6,3.6,3.2,2.0,2.4000000000000004,-1.0,1.2000000000000002,1
0022400865,2025-03-01,DAL vs. MIL,DAL,5,2,3,0,0.333,MIL,6,8,2,3,1.0,0,-1,-6,1,-3,1490.2,1534.1,-43.899999999999864,2,0,-2,3.8,3.8,2.6,4.6,2.6,1.6,0.0,-1.9999999999999996,1.0,1
0022400866,2025-03-02,BOS vs. DEN,BOS,17,3,2,0,0.462,DEN,3,0,0,0,1.0,1,14,3,2,0,1597.6,1543.9,53.69999999999982,3,2,-1,13.0,8.6,5.8,2.8,2.8,4.8,4.4,3.0,-2.0,1
0022400867,2025-03-02,CLE vs. POR,CLE,5,1,1,0,0.667,POR,30,12,10,5,0.615,0,-25,-11,-9,-5,1612.2,1475.6,136.60000000000014,3,3,0,3.0,14.2,2.0,4.0,1.0,3.4,-11.2,-2.0,-2.4,1
0022400872,2025-03-02,NOP @ UTA,UTA,12,11,7,3,0.417,NOP,20,6,6,4,0.4,0,-8,5,1,-1,1382.9,1402.4,-19.5,0,0,0,10.4,8.2,5.2,5.4,6.4,2.2,2.200000000000001,-0.20000000000000018,4.2,1
0022400868,2025-03-02,CHI @ IND,IND,16,6,2,0,0.429,CHI,26,7,1,3,0.556,0,-10,-1,1,-3,1543.9,1490.2,53.700000000000045,0,0,0,14.6,16.0,5.0,5.5,2.6,1.5,-1.4000000000000004,-0.5,1.1,1
0022400874,2025-03-02,LAC @ LAL,LAL,29,6,9,6,0.529,LAC,33,10,0,3,0.565,0,-4,-4,9,3,1543.9,1543.9,0.0,3,2,-1,14.0,13.2,3.0,3.4,3.4,0.8,0.8000000000000007,-0.3999999999999999,2.5999999999999996,1
0022400873,2025-03-02,MIN @ PHX,PHX,18,4,3,4,0.533,MIN,13,7,4,1,0.556,1,5,-3,-1,3,1475.6,1539.0,-63.40000000000009,1,0,-1,10.2,6.4,5.0,2.2,3.2,2.0,3.799999999999999,2.8,1.2000000000000002,1
0022400870,2025-03-02,ORL vs. TOR,ORL,5,2,0,0,1.0,TOR,12,2,4,1,0.5,0,-7,0,-4,-1,1500.0,1446.3,53.700000000000045,3,3,0,8.0,13.8,5.0,4.6,2.0,3.2,-5.800000000000001,0.40000000000000036,-1.2000000000000002,1
0022400871,2025-03-02,OKC @ SAS,SAS,0,0,0,0,,OKC,19,3,4,1,0.5,0,-19,-3,-4,-1,1465.9,1631.7,-165.79999999999995,0,2,2,6.0,11.6,1.3333333333333333,2.4,1.3333333333333333,1.8,-5.6,-1.0666666666666667,-0.4666666666666668,1
0022400869,2025-03-02,MIA vs. NYK,MIA,22,4,7,0,0.333,NYK,23,9,5,1,0.5,0,-1,-5,2,-1,1480.5,1548.8,-68.29999999999995,2,3,1,16.75,12.6,4.25,3.8,5.0,2.6,4.15,0.4500000000000002,2.4,1
0022400881,2025-03-03,UTA vs. DET,UTA,25,8,1,4,0.538,DET,6,4,2,0,0.75,1,19,4,-1,4,1382.9,1514.6,-131.69999999999982,2,1,-1,13.8,4.8,6.4,1.2,6.0,1.2,9.0,5.2,4.8,1
0022400876,2025-03-03,PHI vs. POR,PHI,5,0,6,0,0.154,POR,2,1,1,0,0.5,1,3,-1,5,0,1417.1,1475.6,-58.5,2,2,0,8.4,12.0,2.6,3.8,4.4,3.2,-3.5999999999999996,-1.1999999999999997,1.2000000000000002,1
0022400877,2025-03-03,MIA vs. WAS,MIA,19,15,5,2,0.438,WAS,10,8,5,3,0.286,1,9,7,0,-1,1480.5,1387.8,92.70000000000005,1,3,2,17.2,12.25,6.4,5.75,5.0,3.0,4.949999999999999,0.6500000000000004,2.0,1
0022400879,2025-03-03,HOU @ OKC,OKC,24,4,3,1,0.5,HOU,6,0,0,0,1.0,1,18,4,3,1,1631.7,1553.7,78.0,1,3,2,11.8,10.0,3.8,4.2,2.8,1.8,1.8000000000000007,-0.40000000000000036,0.9999999999999998,1
0022400875,2025-03-03,GSW @ CHA,CHA,0,1,0,1,0.0,GSW,9,2,0,0,0.571,0,-9,-1,0,1,1392.7,1534.1,-141.39999999999986,1,2,1,6.5,4.2,2.5,3.0,1.5,1.0,2.3,-0.5,0.5,1
0022400880,2025-03-03,DAL vs. SAC,DAL,8,4,1,0,0.333,SAC,0,1,1,0,,1,8,3,0,0,1490.2,1495.1,-4.899999999999864,3,1,-2,3.0,10.6,3.2,3.8,2.8,3.4,-7.6,-0.5999999999999996,-0.6000000000000001,1
0022400878,2025-03-03,ATL @ MEM,MEM,15,5,2,0,0.75,ATL,27,1,0,2,0.846,0,-12,4,2,-2,1534.1,1495.1,39.0,0,3,3,14.2,19.6,3.4,1.8,2.2,4.0,-5.400000000000002,1.5999999999999999,-1.7999999999999998,1
0022400890,2025-03-04,NOP @ LAL,LAL,19,10,0,1,1.0,NOP,5,4,3,1,0.5,1,14,6,-3,0,1543.9,1402.4,141.5,2,3,1,16.2,9.2,4.6,6.0,3.0,2.8,7.0,-1.4000000000000004,0.20000000000000018,1
0022400884,2025-03-04,ATL vs. MIL,ATL,12,4,4,3,0.571,MIL,15,2,2,3,0.857,0,-3,2,2,0,1495.1,1534.1,-39.0,3,0,-3,7.4,6.8,3.2,4.2,1.6,1.6,0.6000000000000005,-1.0,0.0,1
0022400885,2025-03-04,GSW @ NYK,NYK,6,4,5,0,0.286,GSW,19,5,4,1,0.5,0,-13,-1,1,-1,1548.8,1534.1,14.700000000000045,3,0,-3,13.0,7.6,4.2,3.8,1.8,1.8,5.4,0.40000000000000036,0.0,1
0022400886,2025-03-04,CLE @ CHI,CHI,3,2,3,0,0.2,CLE,2,0,1,0,0.5,1,1,2,2,0,1490.2,1612.2,-122.0,2,3,1,9.8,17.4,2.6,2.2,2.2,3.4,-7.599999999999998,0.3999999999999999,-1.1999999999999997,1
0022400887,2025-03-04,MIN vs. PHI,MIN,2,1,0,0,1.0,PHI,11,3,4,3,0.571,0,-9,-2,-4,-3,1539.0,1417.1,121.90000000000009,0,2,2,5.0,16.6,1.8,4.2,2.4,4.4,-11.600000000000001,-2.4000000000000004,-2.0000000000000004,1
0022400883,2025-03-04,ORL vs. TOR,ORL,41,8,8,3,0.7,TOR,0,3,0,1,0.0,1,41,5,8,2,1500.0,1446.3,53.700000000000045,2,3,1,12.0,10.8,5.4,3.4,3.2,1.8,1.1999999999999993,2.0000000000000004,1.4000000000000001,1
0022400882,2025-03-04,HOU @ IND,IND,10,5,1,1,0.8,HOU,25,9,7,4,0.632,0,-15,-4,-6,-3,1543.9,1553.7,-9.799999999999955,2,0,-2,12.2,14.2,5.0,5.8,1.0,3.0,-2.0,-0.7999999999999998,-2.0,1
0022400889,2025-03-04,PHX vs. LAC,PHX,2,1,0,1,0.2,LAC,13,4,3,1,0.714,0,-11,-3,-3,0,1475.6,1543.9,-68.30000000000018,1,0,-1,10.6,14.0,5.0,3.6,3.0,1.2,-3.4000000000000004,1.4,1.8,1
0022400888,2025-03-04,SAS vs. BKN,SAS,9,2,3,2,0.5,BKN,3,0,0,0,0.5,1,6,2,3,2,1465.9,1426.8,39.100000000000136,3,2,-1,6.75,7.5,1.5,5.25,1.75,1.25,-0.75,-3.75,0.5,1
0022400891,2025-03-05,BOS vs. POR,BOS,2,6,4,3,0.25,POR,13,2,4,3,0.364,0,-11,4,0,0,1597.6,1475.6,122.0,1,1,0,13.0,12.2,6.4,3.8,3.2,4.0,0.8000000000000007,2.6000000000000005,-0.7999999999999998,1
0022400893,2025-03-05,CLE vs. MIA,CLE,2,0,1,1,0.5,MIA,14,3,2,3,0.5,0,-12,-3,-1,-2,1612.2,1480.5,131.70000000000005,0,3,3,2.4,9.8,1.2,5.0,1.2,1.2,-7.4,-3.8,0.0,1
0022400897,2025-03-05,DAL @ MIL,MIL,1,3,1,0,0.0,DAL,28,4,4,0,0.407,0,-27,-1,-3,0,1534.1,1490.2,43.899999999999864,3,3,0,11.8,12.4,2.8,1.8,1.8,3.2,-0.5999999999999996,0.9999999999999998,-1.4000000000000001,1
0022400896,2025-03-05,SAC @ DEN,DEN,5,2,3,0,0.4,SAC,0,1,0,1,0.0,1,5,1,3,-1,1543.9,1495.1,48.80000000000018,1,0,-1,7.2,7.4,2.4,1.0,2.0,2.4,-0.20000000000000018,1.4,-0.3999999999999999,1
0022400892,2025-03-05,MIN @ CHA,CHA,4,1,2,0,0.4,MIN,29,10,4,1,0.619,0,-25,-9,-2,-1,1392.7,1539.0,-146.29999999999995,3,1,-2,6.0,11.8,2.2,3.8,1.6,2.8,-5.800000000000001,-1.5999999999999996,-1.1999999999999997,1
0022400895,2025-03-05,OKC @ MEM,MEM,6,3,2,0,0.286,OKC,0,0,0,0,0.0,1,6,3,2,0,1534.1,1631.7,-97.60000000000014,3,2,-1,14.8,11.6,3.6,2.4,2.4,1.8,3.200000000000001,1.2000000000000002,0.5999999999999999,1
0022400894,2025-03-05,UTA @ WAS,WAS,8,7,1,1,0.2,UTA,5,5,1,0,0.333,1,3,2,0,1,1387.8,1382.9,4.899999999999864,2,2,0,11.4,11.0,6.0,3.25,2.6,2.0,0.40000000000000036,2.75,0.6000000000000001,1
0022400898,2025-03-05,LAC vs. DET,LAC,8,4,6,0,1.0,DET,7,0,0,0,0.667,1,1,4,6,0,1543.9,1514.6,29.300000000000182,1,0,-1,8.6,6.2,3.6,1.2,2.8,1.0,2.3999999999999995,2.4000000000000004,1.7999999999999998,1
0022400944,2025-03-06,ORL vs. CHI,ORL,6,2,3,1,0.143,CHI,4,1,1,2,1.0,1,2,1,2,-1,1500.0,1490.2,9.799999999999955,1,0,-1,12.2,13.6,5.6,4.6,3.2,1.4,-1.4000000000000004,1.0,1.8000000000000003,1
0022400903,2025-03-06,LAL vs. NYK,LAL,8,6,0,2,0.154,NYK,0,5,2,1,0.0,1,8,1,-2,1,1543.9,1548.8,-4.899999999999864,2,0,-2,17.4,12.6,5.8,4.8,3.0,3.0,4.799999999999999,1.0,0.0,1
0022400901,2025-03-06,GSW @ BKN,BKN,8,9,10,2,0.571,GSW,0,0,0,0,,1,8,9,10,2,1426.8,1534.1,-107.29999999999995,0,1,1,7.2,7.2,4.8,2.8,3.4,1.6,0.0,2.0,1.7999999999999998,1
0022400902,2025-03-06,NOP vs. HOU,NOP,13,2,2,2,0.333,HOU,2,3,3,1,0.2,1,11,-1,-1,1,1402.4,1553.7,-151.29999999999995,0,0,0,10.8,12.6,4.0,5.4,1.0,3.4,-1.799999999999999,-1.4000000000000004,-2.4,1
0022400900,2025-03-06,BOS vs. PHI,BOS,15,3,3,0,0.5,PHI,9,10,2,2,0.4,1,6,-7,1,-2,1597.6,1417.1,180.5,3,2,-1,9.6,13.0,4.2,5.6,2.4,3.4,-3.4000000000000004,-1.3999999999999995,-1.0,1
0022400899,2025-03-06,ATL vs. IND,ATL,17,4,5,3,0.667,IND,21,3,2,1,0.533,0,-4,1,3,2,1495.1,1543.9,-48.80000000000018,0,0,0,10.4,16.2,3.6,4.2,2.6,2.8,-5.799999999999999,-0.6000000000000001,-0.19999999999999973,1
0022400906,2025-03-07,DAL vs. MEM,DAL,3,2,1,0,0.167,MEM,7,1,3,2,0.429,0,-4,1,-2,-2,1490.2,1534.1,-43.899999999999864,0,1,1,3.2,5.0,2.6,2.0,2.4,1.0,-1.7999999999999998,0.6000000000000001,1.4,1
0022400909,2025-03-07,DEN vs. PHX,DEN,11,2,2,0,0.571,PHX,3,0,0,0,1.0,1,8,2,2,0,1543.9,1475.6,68.30000000000018,2,3,1,9.0,7.8,2.8,2.8,2.2,2.6,1.2000000000000002,0.0,-0.3999999999999999,1
0022400911,2025-03-07,LAC vs. NYK,LAC,8,12,3,0,0.444,NYK,9,5,2,0,0.667,0,-1,7,1,0,1543.9,1548.8,-4.899999999999864,0,0,0,8.6,13.0,4.0,5.6,2.8,3.4,-4.4,-1.5999999999999996,-0.6000000000000001,1
0022400905,2025-03-07,TOR vs. UTA,TOR,22,12,6,3,0.421,UTA,5,3,1,1,0.4,1,17,9,5,2,1446.3,1382.9,63.399999999999864,1,0,-1,8.8,9.8,4.0,3.2,2.0,1.8,-1.0,0.7999999999999998,0.19999999999999996,1
0022400908,2025-03-07,POR @ OKC,OKC,30,5,3,2,0.5,POR,22,4,3,4,0.533,1,8,1,0,-2,1631.7,1475.6,156.10000000000014,1,0,-1,17.0,13.4,3.6,3.8,2.8,3.6,3.5999999999999996,-0.19999999999999973,-0.8000000000000003,1
0022400910,2025-03-07,SAC vs. SAS,SAC,8,2,2,1,0.6,SAS,0,0,0,0,,1,8,2,2,1,1495.1,1465.9,29.199999999999818,3,2,-1,8.6,8.6,1.4,2.4,2.6,1.8,0.0,-1.0,0.8,1
0022400904,2025-03-07,CHA vs. CLE,CHA,9,2,2,1,0.444,CLE,5,2,0,1,0.5,1,4,0,2,0,1392.7,1612.2,-219.5,2,2,0,6.6,15.4,2.6,2.2,1.6,1.8,-8.8,0.3999999999999999,-0.19999999999999996,1
0022400907,2025-03-07,MIA vs. MIN,MIA,2,0,1,1,0.333,MIN,15,6,4,1,0.462,0,-13,-6,-3,0,1480.5,1539.0,-58.5,1,3,2,17.0,14.4,6.2,5.0,5.2,3.6,2.5999999999999996,1.2000000000000002,1.6,1
0022400913,2025-03-08,NOP @ HOU,HOU,27,4,3,0,0.643,NOP,20,2,3,4,0.526,1,7,2,0,-4,1553.7,1402.4,151.29999999999995,1,1,0,16.0,12.0,6.0,4.4,1.6,3.2,4.0,1.5999999999999996,-1.6,1
0022400918,2025-03-08,BOS vs. LAL,BOS,10,5,7,2,0.429,LAL,4,8,2,2,0.4,1,6,-3,5,0,1597.6,1543.9,53.69999999999982,2,3,1,10.0,5.8,4.6,4.2,3.4,0.6,4.2,0.39999999999999947,2.8,1
0022400919,2025-03-08,GSW vs. DET,GSW,12,7,3,2,0.273,DET,0,2,0,0,0.0,1,12,5,3,2,1534.1,1514.6,19.5,2,0,-2,7.5,6.2,3.5,1.4,1.25,0.8,1.2999999999999998,2.1,0.44999999999999996,1
0022400914,2025-03-08,ATL vs. IND,ATL,6,1,0,2,0.429,IND,2,2,3,2,0.25,1,4,-1,-3,0,1495.1,1543.9,-48.80000000000018,1,3,2,7.8,15.8,2.6,4.0,2.0,2.8,-8.0,-1.4,-0.7999999999999998,1
0022400912,2025-03-08,BKN @ CHA,CHA,16,15,2,2,0.667,BKN,19,3,1,2,0.545,0,-3,12,1,0,1392.7,1426.8,-34.09999999999991,0,3,3,8.2,9.8,4.6,4.8,2.0,1.2,-1.6000000000000014,-0.20000000000000018,0.8,1
0022400915,2025-03-08,WAS @ TOR,TOR,13,4,0,3,0.5,WAS,5,6,3,2,0.333,1,8,-2,-3,1,1446.3,1387.8,58.5,0,3,3,11.0,10.8,4.8,5.8,1.6,3.0,0.1999999999999993,-1.0,-1.4,1
0022400917,2025-03-08,MIL vs. ORL,MIL,11,8,0,1,0.3,ORL,3,2,0,0,1.0,1,8,6,0,1,1534.1,1500.0,34.09999999999991,0,2,2,9.8,4.4,3.2,1.8,1.8,0.2,5.4,1.4000000000000001,1.6,1
0022400916,2025-03-08,CHI @ MIA,MIA,15,4,0,0,0.556,CHI,15,5,5,0,0.636,0,0,-1,-5,0,1480.5,1490.2,-9.700000000000045,3,2,-1,15.2,13.8,6.0,4.6,4.0,2.2,1.3999999999999986,1.4000000000000004,1.7999999999999998,1
0022400922,2025-03-09,CLE @ MIL,MIL,14,6,1,4,0.462,CLE,3,0,0,0,0.5,1,11,6,1,4,1534.1,1612.2,-78.10000000000014,0,1,1,10.0,14.2,4.4,1.4,1.6,1.6,-4.199999999999999,3.0000000000000004,0.0,1
0022400923,2025-03-09,NOP vs. MEM,NOP,0,1,1,0,0.0,MEM,7,4,2,1,0.25,0,-7,-3,-1,-1,1402.4,1534.1,-131.69999999999982,3,0,-3,9.2,5.6,3.0,2.4,0.8,1.4,3.5999999999999996,0.6000000000000001,-0.5999999999999999,1
0022400921,2025-03-09,DAL vs. PHX,DAL,13,5,5,0,0.5,PHX,3,0,0,1,0.5,1,10,5,5,-1,1490.2,1475.6,14.600000000000136,0,0,0,5.8,8.0,2.8,2.2,2.0,2.0,-2.2,0.5999999999999996,0.0,1
0022400927,2025-03-09,LAC vs. SAC,LAC,22,14,2,0,0.643,SAC,9,17,7,3,0.3,1,13,-3,-5,-3,1543.9,1495.1,48.80000000000018,0,3,3,8.6,2.8,6.0,4.0,2.6,1.8,5.8,2.0,0.8,1
0022400925,2025-03-09,MIN vs. SAS,MIN,3,1,1,0,1.0,SAS,5,3,0,2,0.4,0,-2,-2,1,-2,1539.0,1465.9,73.09999999999991,1,2,1,4.0,8.6,2.0,2.4,1.4,1.6,-4.6,-0.3999999999999999,-0.20000000000000018,1
0022400924,2025-03-09,PHI vs. UTA,PHI,15,0,9,3,0.625,UTA,14,5,4,2,0.417,1,1,-5,5,1,1417.1,1382.9,34.19999999999982,3,0,-3,8.2,10.8,1.6,3.6,4.8,2.0,-2.6000000000000014,-2.0,2.8,1
0022400926,2025-03-09,POR vs. DET,POR,7,5,5,1,0.333,DET,5,6,2,0,0.333,1,2,-1,3,1,1475.6,1514.6,-39.0,3,2,-1,7.4,4.0,2.2,2.6,2.4,1.0,3.4000000000000004,-0.3999999999999999,1.4,1
0022400920,2025-03-09,DEN @ OKC,OKC,9,5,1,0,0.6,DEN,0,0,0,0,,1,9,5,1,0,1631.7,1543.9,87.79999999999995,1,3,2,17.2,8.2,4.4,2.6,2.0,4.8,9.0,1.8000000000000003,-2.8,1
0022400928,2025-03-10,ATL vs. PHI,ATL,14,7,2,0,0.5,PHI,6,1,1,1,0.333,1,8,6,1,-1,1495.1,1417.1,78.0,0,0,0,10.2,12.8,3.4,5.4,2.2,3.4,-2.6000000000000014,-2.0000000000000004,-1.1999999999999997,1
0022400933,2025-03-10,CHI vs. IND,CHI,11,11,1,2,0.625,IND,2,1,0,0,0.0,1,9,10,1,2,1490.2,1543.9,-53.700000000000045,2,0,-2,9.0,11.6,4.4,3.0,2.0,2.0,-2.5999999999999996,1.4000000000000004,0.0,1
0022400937,2025-03-10,DAL @ SAS,SAS,3,4,2,0,0.333,DAL,23,5,3,5,0.5,0,-20,-1,-1,-5,1465.9,1490.2,-24.299999999999955,1,2,1,6.0,16.8,2.0,2.6,1.8,3.8,-10.8,-0.6000000000000001,-1.9999999999999998,1
0022400936,2025-03-10,DEN @ OKC,OKC,0,0,0,0,,DEN,17,6,2,1,0.583,0,-17,-6,-2,-1,1631.7,1543.9,87.79999999999995,3,0,-3,13.8,8.0,4.0,2.0,1.8,1.4,5.800000000000001,2.0,0.40000000000000013,1
0022400929,2025-03-10,BOS vs. UTA,BOS,5,8,0,0,0.5,UTA,5,4,1,0,0.5,0,0,4,-1,0,1597.6,1382.9,214.69999999999982,0,1,1,9.8,7.6,5.0,3.6,3.2,1.4,2.200000000000001,1.4,1.8000000000000003,1
0022400934,2025-03-10,HOU vs. ORL,HOU,0,0,0,1,,ORL,5,0,0,0,0.5,0,-5,0,0,1,1553.7,1500.0,53.700000000000045,3,3,0,11.2,5.0,3.4,1.4,1.2,0.0,6.199999999999999,2.0,1.2,1
0022400931,2025-03-10,MIA vs. CHA,MIA,2,5,3,1,0.167,CHA,0,1,1,1,0.0,1,2,4,2,0,1480.5,1392.7,87.79999999999995,2,0,-2,12.0,9.0,5.6,3.0,3.2,2.8,3.0,2.5999999999999996,0.40000000000000036,1
0022400939,2025-03-10,NYK @ SAC,SAC,2,0,2,0,0.25,NYK,3,2,0,1,0.333,0,-1,-2,2,-1,1495.1,1548.8,-53.700000000000045,1,0,-1,7.0,11.6,1.4,5.6,2.4,3.0,-4.6,-4.199999999999999,-0.6000000000000001,1
0022400935,2025-03-10,PHX @ MEM,MEM,10,7,3,2,0.364,PHX,10,12,2,1,0.556,0,0,-5,1,1,1534.1,1475.6,58.5,3,0,-3,11.2,8.4,3.8,4.2,2.8,2.4,2.799999999999999,-0.40000000000000036,0.3999999999999999,1
0022400938,2025-03-10,POR @ GSW,GSW,11,7,2,1,0.4,POR,9,2,1,0,0.75,1,2,5,1,1,1534.1,1475.6,58.5,3,0,-3,8.2,15.2,4.2,4.2,1.4,3.8,-7.0,0.0,-2.4,1
0022400932,2025-03-10,TOR vs. WAS,TOR,7,9,3,2,0.6,WAS,6,9,2,2,0.333,1,1,0,1,0,1446.3,1387.8,58.5,3,3,0,10.8,8.6,5.8,6.2,2.2,2.8,2.200000000000001,-0.40000000000000036,-0.5999999999999996,1
0022400930,2025-03-10,LAL @ BKN,BKN,14,3,3,1,0.357,LAL,24,0,3,1,0.667,0,-10,3,0,0,1426.8,1543.9,-117.10000000000014,2,3,1,8.8,9.4,4.4,3.0,3.4,1.2,-0.5999999999999996,1.4000000000000004,2.2,1
0022400943,2025-03-11,NOP vs. LAC,NOP,9,8,1,3,0.5,LAC,0,0,1,0,0.0,1,9,8,0,3,1402.4,1543.9,-141.5,2,2,0,10.6,14.0,4.2,3.6,1.0,1.4,-3.4000000000000004,0.6000000000000001,-0.3999999999999999,1
0022400940,2025-03-11,CLE vs. BKN,CLE,7,4,3,1,0.5,BKN,17,5,5,2,0.6,0,-10,-1,-2,-1,1612.2,1426.8,185.4000000000001,3,0,-3,3.8,11.2,1.8,4.4,1.8,2.0,-7.3999999999999995,-2.6000000000000005,-0.19999999999999996,1
0022400941,2025-03-11,DET vs. WAS,DET,8,5,1,1,0.375,WAS,12,5,2,0,0.444,0,-4,0,-1,1,1514.6,1387.8,126.79999999999995,1,1,0,13.4,8.6,4.6,6.2,4.0,2.8,4.800000000000001,-1.6000000000000005,1.2000000000000002,1
0022400942,2025-03-11,MIL @ IND,IND,9,4,1,1,0.364,MIL,9,2,4,2,0.4,0,0,2,-3,-1,1543.9,1534.1,9.800000000000182,0,3,3,14.0,7.8,5.8,3.6,1.2,1.8,6.2,2.1999999999999997,-0.6000000000000001,1
0022400950,2025-03-12,UTA @ MEM,MEM,8,4,1,0,0.571,UTA,9,14,5,2,0.8,0,-1,-10,-4,-2,1534.1,1382.9,151.19999999999982,1,2,1,7.8,7.6,3.8,6.2,1.6,2.4,0.20000000000000018,-2.4000000000000004,-0.7999999999999998,1
0022400947,2025-03-12,PHI @ TOR,TOR,25,12,6,1,0.474,PHI,9,6,8,2,0.333,1,16,6,-2,-1,1446.3,1417.1,29.200000000000045,2,1,-1,14.6,12.0,8.0,5.6,3.0,4.4,2.5999999999999996,2.4000000000000004,-1.4000000000000004,1
0022400953,2025-03-12,NYK @ POR,POR,6,12,1,2,0.429,NYK,0,2,0,0,0.0,1,6,10,1,2,1475.6,1548.8,-73.20000000000005,2,1,-1,8.6,7.0,4.4,4.6,2.6,1.8,1.5999999999999996,-0.1999999999999993,0.8,1
0022400948,2025-03-12,LAC @ MIA,MIA,4,7,2,1,0.5,LAC,8,4,0,2,1.0,0,-4,3,2,-1,1480.5,1543.9,-63.40000000000009,0,1,1,8.4,11.6,6.2,3.8,2.2,1.2,-3.1999999999999993,2.4000000000000004,1.0000000000000002,1
0022400949,2025-03-12,HOU vs. PHX,HOU,0,1,0,0,0.0,PHX,7,3,1,2,0.286,0,-7,-2,-1,-2,1553.7,1475.6,78.10000000000014,0,1,1,8.6,9.8,2.0,4.6,1.2,2.0,-1.200000000000001,-2.5999999999999996,-0.8,1
0022400952,2025-03-12,DEN vs. MIN,DEN,3,2,2,0,0.2,MIN,16,8,1,0,0.538,0,-13,-6,1,0,1543.9,1539.0,4.900000000000091,3,1,-2,9.0,15.6,2.6,6.4,2.4,3.0,-6.6,-3.8000000000000003,-0.6000000000000001,1
0022400951,2025-03-12,DAL @ SAS,SAS,18,7,2,0,0.615,DAL,15,3,0,2,0.75,1,3,4,2,-2,1465.9,1490.2,-24.299999999999955,0,0,0,6.6,16.0,2.6,2.6,1.8,3.0,-9.4,0.0,-1.2,1
0022400946,2025-03-12,BOS vs. OKC,BOS,0,0,0,0,0.0,OKC,2,1,0,0,1.0,0,-2,-1,0,0,1597.6,1631.7,-34.100000000000136,1,3,2,6.4,10.8,4.4,2.2,2.8,1.4,-4.4,2.2,1.4,1
0022400945,2025-03-12,ATL vs. CHA,ATL,10,2,2,0,0.5,CHA,14,14,2,3,0.667,0,-4,-12,0,-3,1495.1,1392.7,102.39999999999986,2,1,-1,11.8,9.0,3.6,5.4,2.6,2.8,2.8000000000000007,-1.8000000000000003,-0.19999999999999973,1
0022400957,2025-03-13,SAC @ GSW,GSW,10,4,0,2,0.429,SAC,5,1,2,0,1.0,1,5,3,-2,2,1534.1,1495.1,39.0,0,2,2,8.6,3.8,4.0,4.0,1.0,2.2,4.8,0.0,-1.2000000000000002,1
0022401141,2025-03-13,NOP vs. ORL,NOP,11,0,1,0,0.5,ORL,12,6,3,0,0.444,0,-1,-6,-2,0,1402.4,1500.0,-97.59999999999991,2,2,0,9.0,7.4,3.0,2.4,1.0,0.6,1.5999999999999996,0.6000000000000001,0.4,1
0022400954,2025-03-13,WAS @ DET,DET,38,3,10,4,0.36,WAS,19,5,3,4,0.583,1,19,-2,7,0,1514.6,1387.8,126.79999999999995,0,0,0,14.6,10.4,3.4,6.6,4.6,3.0,4.199999999999999,-3.1999999999999997,1.5999999999999996,1
0022400955,2025-03-13,LAL @ MIL,MIL,0,2,0,2,,LAL,4,3,1,0,0.5,0,-4,-1,-1,2,1534.1,1543.9,-9.800000000000182,0,2,2,9.0,8.4,4.6,3.6,1.2,1.2,0.5999999999999996,0.9999999999999996,0.0,1
0022400956,2025-03-13,CHI vs. BKN,CHI,18,6,6,1,0.5,BKN,11,4,1,1,0.714,1,7,2,5,0,1490.2,1426.8,63.40000000000009,1,1,0,9.6,12.0,5.0,4.0,3.0,1.8,-2.4000000000000004,1.0,1.2,1
0022400966,2025-03-14,UTA vs. TOR,UTA,19,2,3,2,0.556,TOR,11,2,5,2,0.444,1,8,0,-2,0,1382.9,1446.3,-63.399999999999864,0,0,0,15.2,12.4,5.4,3.6,6.4,2.8,2.799999999999999,1.8000000000000003,3.6000000000000005,1
0022400964,2025-03-14,SAS vs. CHA,SAS,10,4,3,2,0.5,CHA,27,3,15,4,0.692,0,-17,1,-12,-2,1465.9,1392.7,73.20000000000005,3,1,-2,8.0,13.6,3.4,5.6,2.0,5.0,-5.6,-2.1999999999999997,-3.0,1
0022400967,2025-03-14,PHX vs. SAC,PHX,0,0,0,0,,SAC,3,2,0,0,0.25,0,-3,-2,0,0,1475.6,1495.1,-19.5,2,1,-1,9.4,3.4,4.2,4.4,2.8,2.0,6.0,-0.20000000000000018,0.7999999999999998,1
0022400959,2025-03-14,IND @ PHI,PHI,24,5,4,0,0.55,IND,2,4,1,0,0.25,1,22,1,3,0,1417.1,1543.9,-126.80000000000018,1,2,1,9.8,6.4,1.2,2.8,4.6,1.4,3.4000000000000004,-1.5999999999999999,3.1999999999999997,1
0022400963,2025-03-14,ORL @ MIN,MIN,12,3,1,3,0.5,ORL,3,1,1,0,0.5,1,9,2,0,3,1539.0,1500.0,39.0,3,3,0,6.0,6.6,2.4,2.2,1.6,0.8,-0.5999999999999996,0.19999999999999973,0.8,1
0022400960,2025-03-14,LAC @ ATL,ATL,15,7,1,3,0.6,LAC,0,1,1,0,,1,15,6,0,3,1495.1,1543.9,-48.80000000000018,2,0,-2,12.4,10.8,4.2,3.8,2.0,1.0,1.5999999999999996,0.40000000000000036,1.0,1
0022400965,2025-03-14,DEN vs. LAL,DEN,22,5,6,1,0.9,LAL,16,5,3,2,0.636,1,6,0,3,-1,1543.9,1543.9,0.0,1,0,-1,10.2,9.6,2.8,3.4,3.2,1.8,0.5999999999999996,-0.6000000000000001,1.4000000000000001,1
0022400961,2025-03-14,DAL @ HOU,HOU,16,15,4,2,0.438,DAL,2,4,0,0,0.077,1,14,11,4,2,1553.7,1490.2,63.5,1,3,2,11.4,15.4,4.8,3.4,1.8,2.0,-4.0,1.4,-0.19999999999999996,1
0022400962,2025-03-14,CLE @ MEM,MEM,4,6,1,0,0.222,CLE,14,1,2,2,0.714,0,-10,5,-1,-2,1534.1,1612.2,-78.10000000000014,3,2,-1,8.6,13.0,5.0,1.2,1.8,1.6,-4.4,3.8,0.19999999999999996,1
0022400958,2025-03-14,BOS @ MIA,MIA,9,9,2,2,0.429,BOS,4,4,1,0,0.667,1,5,5,1,2,1480.5,1597.6,-117.09999999999991,3,1,-2,6.4,10.8,5.0,5.8,1.6,1.0,-4.4,-0.7999999999999998,0.6000000000000001,1
0022400968,2025-03-15,BOS @ BKN,BKN,23,10,6,4,0.474,BOS,20,8,8,2,0.421,1,3,2,-2,2,1426.8,1597.6,-170.79999999999995,0,2,2,10.8,8.2,5.6,5.8,4.0,2.2,2.6000000000000014,-0.20000000000000018,1.7999999999999998,1
0022400970,2025-03-15,CHI @ HOU,HOU,24,15,4,3,0.5,CHI,19,2,6,1,0.615,1,5,13,-2,2,1553.7,1490.2,63.5,1,2,1,13.4,16.6,7.0,4.0,2.2,2.8,-3.200000000000001,3.0,-0.5999999999999996,1
0022400975,2025-03-15,DEN vs. WAS,DEN,9,3,4,3,1.0,WAS,4,2,1,0,0.4,1,5,1,3,3,1543.9,1387.8,156.10000000000014,0,0,0,10.0,9.2,2.8,5.4,3.4,2.2,0.8000000000000007,-2.6000000000000005,1.1999999999999997,1
0022400974,2025-03-15,GSW vs. NYK,GSW,5,6,2,0,0.5,NYK,19,6,3,4,0.571,0,-14,0,-1,-4,1534.1,1548.8,-14.700000000000045,0,3,3,8.8,6.2,5.0,4.0,1.4,1.4,2.6000000000000005,1.0,0.0,1
0022400971,2025-03-15,MIA @ MEM,MEM,22,10,8,2,0.563,MIA,8,0,1,1,0.375,1,14,10,7,1,1534.1,1480.5,53.59999999999991,1,2,1,10.0,8.0,6.0,3.2,3.0,1.2,2.0,2.8,1.8,1
0022400972,2025-03-15,MIL vs. IND,MIL,6,1,3,1,0.286,IND,24,6,15,0,0.563,0,-18,-5,-12,1,1534.1,1543.9,-9.800000000000182,3,0,-3,6.4,10.2,4.0,3.2,1.0,4.2,-3.799999999999999,0.7999999999999998,-3.2,1
0022400973,2025-03-15,SAS vs. NOP,SAS,17,1,7,3,0.333,NOP,7,0,5,2,0.375,1,10,1,2,1,1465.9,1402.4,63.5,3,0,-3,11.4,12.4,3.6,3.2,3.4,4.0,-1.0,0.3999999999999999,-0.6000000000000001,1
0022400969,2025-03-15,OKC @ DET,DET,4,2,2,0,0.5,OKC,2,8,1,1,0.0,1,2,-6,1,-1,1514.6,1631.7,-117.10000000000014,3,3,0,15.4,8.6,3.8,3.2,5.0,1.2,6.800000000000001,0.5999999999999996,3.8,1
0022400980,2025-03-16,POR vs. TOR,POR,0,0,0,0,,TOR,2,2,1,0,0.143,0,-2,-2,-1,0,1475.6,1446.3,29.299999999999955,1,0,-1,8.6,9.6,4.4,2.8,2.4,3.0,-1.0,1.6000000000000005,-0.6000000000000001,1
0022400978,2025-03-16,BKN vs. ATL,BKN,5,3,1,0,1.0,ATL,0,1,2,0,0.0,1,5,2,-1,0,1426.8,1495.1,-68.29999999999995,1,0,-1,10.0,12.6,5.6,1.6,4.2,1.6,-2.5999999999999996,3.9999999999999996,2.6,1
0022400981,2025-03-16,MIN vs. UTA,MIN,2,0,1,0,0.5,UTA,12,1,3,0,0.357,0,-10,-1,-2,0,1539.0,1382.9,156.0999999999999,3,0,-3,5.2,9.0,1.8,5.4,0.8,2.8,-3.8,-3.6000000000000005,-1.9999999999999998,1
0022400982,2025-03-16,MIL vs. OKC,MIL,0,0,0,0,,OKC,19,6,2,1,0.5,0,-19,-6,-2,-1,1534.1,1631.7,-97.60000000000014,1,3,2,6.2,8.4,3.4,3.6,0.8,1.4,-2.2,-0.20000000000000018,-0.5999999999999999,1
0022400977,2025-03-16,LAL vs. PHX,LAL,28,4,6,2,0.476,PHX,4,4,2,1,0.667,1,24,0,4,1,1543.9,1475.6,68.30000000000018,2,2,0,18.4,5.4,5.4,3.8,3.2,1.0,12.999999999999998,1.6000000000000005,2.2,1
0022400538,2025-03-16,LAC vs. CHA,LAC,7,9,1,1,0.667,CHA,6,3,1,0,0.5,1,1,6,0,1,1543.9,1392.7,151.20000000000005,2,1,-1,10.0,11.6,7.8,5.0,2.4,4.8,-1.5999999999999996,2.8,-2.4,1
0022400976,2025-03-16,DAL vs. PHI,DAL,21,8,6,1,0.4,PHI,14,3,3,1,0.5,1,7,5,3,0,1490.2,1417.1,73.10000000000014,2,3,1,10.0,9.8,4.2,4.6,3.2,3.6,0.1999999999999993,-0.39999999999999947,-0.3999999999999999,1
0022400979,2025-03-16,CLE vs. ORL,CLE,2,2,0,0,0.5,ORL,0,1,0,0,0.0,1,2,1,0,0,1612.2,1500.0,112.20000000000005,3,3,0,3.2,4.6,1.4,2.0,1.0,0.8,-1.3999999999999995,-0.6000000000000001,0.19999999999999996,1
0022400987,2025-03-17,NOP vs. DET,NOP,0,4,1,1,0.0,DET,24,4,8,4,0.625,0,-24,0,-7,-3,1402.4,1514.6,-112.19999999999982,1,3,2,6.6,8.4,3.0,3.2,1.2,2.4,-1.8000000000000007,-0.20000000000000018,-1.2,1
0022400989,2025-03-17,CHI @ UTA,UTA,8,5,1,1,0.444,CHI,18,4,12,1,0.8,0,-10,1,-11,0,1382.9,1490.2,-107.29999999999995,0,3,3,15.0,16.4,5.8,3.8,5.2,5.0,-1.3999999999999986,2.0,0.20000000000000018,1
0022400990,2025-03-17,DEN @ GSW,GSW,0,4,0,3,0.0,DEN,13,5,1,1,0.625,0,-13,-1,-1,2,1534.1,1543.9,-9.800000000000182,2,2,0,7.6,6.6,5.6,2.4,1.4,0.6,1.0,3.1999999999999997,0.7999999999999999,1
0022400985,2025-03-17,HOU vs. PHI,HOU,3,7,5,2,0.167,PHI,18,3,4,0,0.467,0,-15,4,1,2,1553.7,1417.1,136.60000000000014,2,1,-1,8.6,11.2,7.6,4.6,2.6,3.6,-2.5999999999999996,3.0,-1.0,1
0022400986,2025-03-17,MIN vs. IND,MIN,21,4,0,2,0.563,IND,2,0,0,0,,1,19,4,0,2,1539.0,1543.9,-4.900000000000091,2,3,1,8.0,6.4,1.8,2.6,0.6,3.8,1.5999999999999996,-0.8,-3.1999999999999997,1
0022400984,2025-03-17,MIA @ NYK,NYK,2,0,1,0,1.0,MIA,22,2,2,2,0.667,0,-20,-2,-1,-2,1548.8,1480.5,68.29999999999995,2,3,1,13.4,11.6,3.4,2.4,2.0,1.4,1.8000000000000007,1.0,0.6000000000000001,1
0022400992,2025-03-17,SAC vs. MEM,SAC,9,0,3,0,0.5,MEM,0,2,0,0,0.0,1,9,-2,3,0,1495.1,1534.1,-39.0,0,3,3,6.2,5.2,0.6,2.8,1.6,1.2,1.0,-2.1999999999999997,0.40000000000000013,1
0022400991,2025-03-17,PHX vs. TOR,PHX,2,0,1,1,1.0,TOR,3,1,4,1,0.125,0,-1,-1,-3,0,1475.6,1446.3,29.299999999999955,0,3,3,7.8,5.6,1.0,2.0,2.6,2.8,2.2,-1.0,-0.19999999999999973,1
0022400995,2025-03-17,POR vs. WAS,POR,11,13,2,0,0.556,WAS,8,7,4,6,0.375,1,3,6,-2,-6,1475.6,1387.8,87.79999999999995,3,2,-1,5.2,9.8,6.2,5.6,1.8,2.4,-4.6000000000000005,0.6000000000000005,-0.5999999999999999,1
0022400537,2025-03-17,LAL vs. SAS,LAL,4,2,1,1,1.0,SAS,11,4,2,3,0.4,0,-7,-2,-1,-2,1543.9,1465.9,78.0,0,0,0,17.6,10.4,5.6,2.8,3.2,1.8,7.200000000000001,2.8,1.4000000000000001,1
0022401012,2025-03-18,GSW vs. MIL,GSW,14,4,3,3,0.5,MIL,2,5,2,1,0.25,1,12,-1,1,2,1534.1,1534.1,0.0,3,3,0,8.0,8.2,5.0,4.6,1.4,2.2,-0.1999999999999993,0.40000000000000036,-0.8000000000000003,1
0022400997,2025-03-18,CLE @ LAC,LAC,2,1,0,1,0.0,CLE,2,3,1,0,1.0,0,0,-2,-1,1,1543.9,1612.2,-68.29999999999995,3,3,0,9.4,5.2,8.0,1.2,2.4,0.8,4.2,6.8,1.5999999999999999,1
0022400994,2025-03-18,BOS vs. BKN,BOS,1,1,0,1,,BKN,9,3,1,0,0.6,0,-8,-2,-1,1,1597.6,1426.8,170.79999999999995,0,0,0,6.2,11.8,3.4,3.0,2.0,1.6,-5.6000000000000005,0.3999999999999999,0.3999999999999999,1
0022400993,2025-03-18,ATL @ CHA,CHA,11,9,5,3,0.364,ATL,21,8,2,1,0.467,0,-10,1,3,2,1392.7,1495.1,-102.39999999999986,3,0,-3,8.0,15.0,5.6,3.0,2.2,1.6,-7.0,2.5999999999999996,0.6000000000000001,1
0022401009,2025-03-19,CLE @ SAC,SAC,16,5,3,1,0.545,CLE,12,4,2,1,0.5,1,4,1,1,0,1495.1,1612.2,-117.10000000000014,2,3,1,8.8,7.2,1.6,2.0,2.0,1.0,1.6000000000000005,-0.3999999999999999,1.0,1
0022401001,2025-03-19,NOP @ MIN,MIN,9,2,0,0,0.8,NOP,13,6,1,1,0.4,0,-4,-4,-1,-1,1539.0,1402.4,136.5999999999999,2,1,-1,9.4,13.0,2.0,3.6,0.6,3.6,-3.5999999999999996,-1.6,-3.0,1
0022401007,2025-03-19,CHI @ PHX,PHX,16,5,0,0,0.636,CHI,22,7,7,1,0.667,0,-6,-2,-7,-1,1475.6,1490.2,-14.600000000000136,1,3,2,7.6,15.6,2.0,3.8,0.8,6.2,-8.0,-1.7999999999999998,-5.4,1
0022400998,2025-03-19,DAL @ IND,IND,9,6,2,2,0.5,DAL,24,2,2,2,0.615,0,-15,4,0,0,1543.9,1490.2,53.700000000000045,1,2,1,12.4,18.4,6.2,3.6,1.6,1.8,-5.999999999999998,2.6,-0.19999999999999996,1
0022400999,2025-03-19,HOU @ ORL,ORL,2,2,2,0,0.333,HOU,26,7,2,3,0.444,0,-24,-5,0,-3,1500.0,1553.7,-53.700000000000045,3,1,-2,12.6,17.2,5.6,6.2,3.4,3.8,-4.6,-0.6000000000000005,-0.3999999999999999,1
0022401000,2025-03-19,MIA vs. DET,MIA,14,12,0,3,0.7,DET,10,2,1,1,0.375,1,4,10,-1,2,1480.5,1514.6,-34.09999999999991,2,2,0,8.8,9.2,7.4,2.8,1.4,2.2,-0.3999999999999986,4.6000000000000005,-0.8000000000000003,1
0022401003,2025-03-19,NYK @ SAS,SAS,10,4,3,1,0.333,NYK,0,0,0,0,,1,10,4,3,1,1465.9,1548.8,-82.89999999999986,2,1,-1,11.6,6.2,4.0,3.0,3.4,1.0,5.3999999999999995,1.0,2.4,1
0022401002,2025-03-19,PHI @ OKC,OKC,5,4,4,2,0.222,PHI,6,1,5,1,0.222,0,-1,3,-1,1,1631.7,1417.1,214.60000000000014,3,3,0,13.6,10.6,3.6,2.8,2.2,4.2,3.0,0.8000000000000003,-2.0,1
0022401008,2025-03-19,POR vs. MEM,POR,7,11,0,1,0.5,MEM,0,0,0,0,,1,7,11,0,1,1475.6,1534.1,-58.5,2,0,-2,6.2,4.8,8.2,1.6,1.6,1.2,1.4000000000000004,6.6,0.40000000000000013,1
0022400627,2025-03-19,UTA vs. WAS,UTA,4,10,2,1,0.333,WAS,12,1,6,1,0.5,0,-8,9,-4,0,1382.9,1387.8,-4.899999999999864,0,3,3,13.6,11.0,7.2,4.0,2.8,3.2,2.5999999999999996,3.2,-0.40000000000000036,1
0022401006,2025-03-19,LAL vs. DEN,LAL,12,0,1,1,0.667,DEN,5,2,1,0,1.0,1,7,-2,0,1,1543.9,1543.9,0.0,0,1,1,14.2,7.6,4.4,2.6,1.6,0.8,6.6,1.8000000000000003,0.8,1
0022401010,2025-03-20,CHA vs. NYK,CHA,14,4,0,1,0.571,NYK,0,0,0,0,0.0,1,14,4,0,1,1392.7,1548.8,-156.0999999999999,0,0,0,10.8,4.4,6.2,2.0,2.2,0.6,6.4,4.2,1.6,1
0022401011,2025-03-20,BKN @ IND,IND,6,6,5,4,0.25,BKN,8,2,2,0,0.5,0,-2,4,3,4,1543.9,1426.8,117.10000000000014,2,1,-1,10.0,12.8,5.4,3.4,2.2,2.0,-2.8000000000000007,2.0000000000000004,0.20000000000000018,1
0022400996,2025-03-20,LAL vs. MIL,LAL,17,3,5,4,0.7,MIL,0,0,0,0,0.0,1,17,3,5,4,1543.9,1534.1,9.800000000000182,2,1,-1,13.8,6.4,3.0,3.4,2.6,2.0,7.4,-0.3999999999999999,0.6000000000000001,1
0022401005,2025-03-20,GSW vs. TOR,GSW,18,2,0,0,0.6,TOR,11,4,6,5,0.571,1,7,-2,-6,-5,1534.1,1446.3,87.79999999999995,1,1,0,9.4,5.4,4.0,2.4,1.0,3.2,4.0,1.6,-2.2,1
0022401013,2025-03-20,CHI @ SAC,SAC,0,2,0,2,0.0,CHI,5,1,0,1,0.4,0,-5,1,0,1,1495.1,1490.2,4.899999999999864,2,2,0,7.0,15.8,1.8,3.8,2.0,6.0,-8.8,-1.9999999999999998,-4.0,1
0022401020,2025-03-21,BOS @ UTA,UTA,11,2,1,1,0.5,BOS,5,9,2,0,0.286,1,6,-7,-1,1,1382.9,1597.6,-214.69999999999982,0,1,1,13.4,9.2,5.4,7.2,1.6,2.6,4.200000000000001,-1.7999999999999998,-1.0,1
0022401021,2025-03-21,CLE @ PHX,PHX,15,5,2,3,0.625,CLE,17,1,1,0,0.75,0,-2,4,1,3,1475.6,1612.2,-136.60000000000014,2,1,-1,7.0,9.6,2.2,1.8,0.6,1.2,-2.5999999999999996,0.40000000000000013,-0.6,1
0022401016,2025-03-21,NOP @ MIN,MIN,2,0,1,0,0.0,NOP,10,5,3,0,0.429,0,-8,-5,-2,0,1539.0,1402.4,136.5999999999999,0,3,3,9.2,11.0,1.8,3.4,0.6,3.0,-1.8000000000000007,-1.5999999999999999,-2.4,1
0022401022,2025-03-21,DEN @ POR,POR,16,2,4,5,0.462,DEN,0,1,1,0,0.0,1,16,1,3,5,1475.6,1543.9,-68.30000000000018,2,0,-2,8.0,7.0,7.6,2.8,1.4,1.0,1.0,4.8,0.3999999999999999,1
0022401018,2025-03-21,PHI @ SAS,SAS,20,5,7,2,0.438,PHI,3,1,4,2,0.0,1,17,4,3,0,1465.9,1417.1,48.80000000000018,0,1,1,15.0,10.0,4.2,2.8,4.4,4.8,5.0,1.4000000000000004,-0.39999999999999947,1
0022401023,2025-03-21,LAC vs. MEM,LAC,5,2,1,0,0.5,MEM,15,3,5,2,0.667,0,-10,-1,-4,-2,1543.9,1534.1,9.800000000000182,2,3,1,8.8,5.8,7.6,2.0,1.4,2.0,3.000000000000001,5.6,-0.6000000000000001,1
0022401015,2025-03-21,HOU @ MIA,MIA,16,14,1,1,0.7,HOU,6,4,1,0,0.231,1,10,10,0,1,1480.5,1553.7,-73.20000000000005,1,2,1,9.0,13.0,9.4,4.6,1.6,2.6,-4.0,4.800000000000001,-1.0,1
0022401019,2025-03-21,DAL vs. DET,DAL,5,8,2,0,0.25,DET,12,5,1,4,0.556,0,-7,3,1,-4,1490.2,1514.6,-24.399999999999864,2,0,-2,10.0,10.2,5.4,3.8,3.0,2.4,-0.1999999999999993,1.6000000000000005,0.6000000000000001,1
0022401017,2025-03-21,OKC vs. CHA,OKC,11,3,5,1,0.625,CHA,10,1,8,2,0.5,1,1,2,-3,-1,1631.7,1392.7,239.0,1,1,0,11.0,11.4,3.4,4.4,2.6,5.4,-0.40000000000000036,-1.0000000000000004,-2.8000000000000003,1
0022401014,2025-03-21,ORL @ WAS,WAS,17,6,3,0,0.5,ORL,6,5,2,0,0.5,1,11,1,1,0,1387.8,1500.0,-112.20000000000005,0,0,0,12.0,5.2,5.4,2.6,3.0,1.2,6.8,2.8000000000000003,1.8,1
0022401025,2025-03-22,ATL vs. GSW,ATL,12,11,6,2,0.556,GSW,5,2,1,0,0.5,1,7,9,5,2,1495.1,1534.1,-39.0,3,1,-2,11.4,7.6,5.6,3.0,2.2,1.4,3.8000000000000007,2.5999999999999996,0.8000000000000003,1
0022401028,2025-03-22,CHI @ LAL,LAL,6,1,1,0,0.5,CHI,0,0,1,1,0.0,1,6,1,0,-1,1543.9,1490.2,53.700000000000045,3,3,0,13.4,12.8,2.0,2.8,2.8,5.2,0.5999999999999996,-0.7999999999999998,-2.4000000000000004,1
0022401024,2025-03-22,IND vs. BKN,IND,10,5,0,1,0.444,BKN,26,5,1,1,0.643,0,-16,0,-1,0,1543.9,1426.8,117.10000000000014,2,3,1,8.8,14.2,5.2,3.8,1.8,2.0,-5.399999999999999,1.4000000000000004,-0.19999999999999996,1
0022401026,2025-03-22,NYK vs. WAS,NYK,4,5,2,1,0.667,WAS,4,2,2,0,0.222,0,0,3,0,1,1548.8,1387.8,161.0,2,3,1,5.4,9.4,2.4,3.4,1.8,3.2,-4.0,-1.0,-1.4000000000000001,1
0022401027,2025-03-22,MIL @ SAC,SAC,13,9,1,0,0.417,MIL,18,3,6,2,0.8,0,-5,6,-5,-2,1495.1,1534.1,-39.0,1,0,-1,8.0,8.8,3.2,2.4,1.8,2.8,-0.8000000000000007,0.8000000000000003,-0.9999999999999998,1
0022401034,2025-03-23,BOS @ POR,POR,19,7,3,0,0.538,BOS,4,1,1,1,1.0,1,15,6,2,-1,1475.6,1597.6,-122.0,3,1,-2,10.6,8.4,6.6,6.4,1.8,2.8,2.1999999999999993,0.1999999999999993,-0.9999999999999998,1
0022401030,2025-03-23,CLE @ UTA,UTA,3,1,0,0,0.111,CLE,18,6,4,1,0.727,0,-15,-5,-4,-1,1382.9,1612.2,-229.29999999999995,2,3,1,9.0,12.6,4.0,3.0,1.4,2.0,-3.5999999999999996,1.0,-0.6000000000000001,1
0022401029,2025-03-23,NOP @ DET,DET,8,2,1,0,0.5,NOP,10,4,8,2,0.5,0,-2,-2,-7,-2,1514.6,1402.4,112.19999999999982,2,0,-2,14.6,12.0,3.8,3.4,4.6,4.0,2.5999999999999996,0.3999999999999999,0.5999999999999996,1
0022401031,2025-03-23,ATL vs. PHI,ATL,8,5,3,3,0.333,PHI,8,0,5,0,0.273,0,0,5,-2,3,1495.1,1417.1,78.0,0,0,0,11.8,9.8,6.4,1.6,2.8,4.2,2.0,4.800000000000001,-1.4000000000000004,1
0022401036,2025-03-23,LAC vs. OKC,LAC,0,0,0,0,,OKC,0,2,0,1,0.0,0,0,-2,0,-1,1543.9,1631.7,-87.79999999999995,3,0,-3,7.2,4.6,5.2,3.4,0.8,0.6,2.6000000000000005,1.8000000000000003,0.20000000000000007,1
0022401032,2025-03-23,MIA vs. CHA,MIA,12,8,5,0,0.6,CHA,7,5,1,1,0.75,1,5,3,4,-1,1480.5,1392.7,87.79999999999995,0,1,1,11.0,12.8,10.0,5.2,2.0,5.4,-1.8000000000000007,4.8,-3.4000000000000004,1
0022401033,2025-03-23,SAS @ TOR,TOR,22,6,6,6,0.727,SAS,4,1,1,1,0.25,1,18,5,5,5,1446.3,1465.9,-19.600000000000136,2,1,-1,17.8,8.8,8.6,2.2,4.2,2.0,9.0,6.3999999999999995,2.2,1
0022401035,2025-03-23,DEN @ HOU,HOU,30,2,5,0,0.364,DEN,39,4,7,1,0.536,0,-9,-2,-2,-1,1553.7,1543.9,9.799999999999955,1,2,1,14.6,14.8,8.0,3.6,3.6,2.4,-0.20000000000000107,4.4,1.2000000000000002,1
0022401039,2025-03-24,WAS vs. TOR,WAS,0,3,1,0,,TOR,9,4,3,2,0.3,0,-9,-1,-2,-2,1387.8,1446.3,-58.5,1,0,-1,10.6,7.2,5.0,2.6,2.4,3.8,3.3999999999999995,2.4,-1.4,1
0022401043,2025-03-24,MIL @ PHX,PHX,12,9,0,2,0.714,MIL,3,1,2,0,0.2,1,9,8,-2,2,1475.6,1534.1,-58.5,3,0,-3,9.0,6.4,3.8,2.2,0.6,2.8,2.5999999999999996,1.5999999999999996,-2.1999999999999997,1
0022401038,2025-03-24,LAL @ ORL,ORL,2,1,0,1,1.0,LAL,4,4,0,1,0.5,0,-2,-3,0,0,1500.0,1543.9,-43.90000000000009,0,2,2,11.2,10.4,3.0,4.0,2.6,1.8,0.7999999999999989,-1.0,0.8,1
0022401040,2025-03-24,DAL @ BKN,BKN,6,4,5,2,0.286,DAL,4,0,2,2,0.286,1,2,4,3,0,1426.8,1490.2,-63.40000000000009,2,3,1,11.2,13.6,5.8,2.8,5.0,1.4,-2.4000000000000004,3.0,3.6,1
0022401042,2025-03-24,CHI @ DEN,DEN,7,3,2,0,0.5,CHI,6,4,2,2,0.333,1,1,-1,0,-2,1543.9,1490.2,53.700000000000045,3,1,-2,10.4,10.2,3.0,3.2,3.2,4.4,0.20000000000000107,-0.20000000000000018,-1.2000000000000002,1
0022401041,2025-03-24,NOP vs. PHI,NOP,0,0,0,0,0.0,PHI,9,0,0,2,0.333,0,-9,0,0,-2,1402.4,1417.1,-14.699999999999818,0,3,3,4.0,8.8,2.6,1.0,0.8,3.6,-4.800000000000001,1.6,-2.8,1
0022401044,2025-03-24,BOS @ SAC,SAC,14,5,2,4,0.375,BOS,22,5,2,2,0.444,0,-8,0,0,2,1495.1,1597.6,-102.5,1,2,1,10.4,11.0,4.2,5.4,1.8,2.8,-0.5999999999999996,-1.2000000000000002,-0.9999999999999998,1
0022401037,2025-03-24,MIN @ IND,IND,2,0,0,0,1.0,MIN,0,0,0,0,,1,2,0,0,0,1543.9,1539.0,4.900000000000091,3,1,-2,7.2,14.6,4.2,6.2,1.6,2.6,-7.3999999999999995,-2.0,-1.0,1
0022401051,2025-03-25,POR vs. CLE,POR,17,10,6,3,0.353,CLE,14,2,3,0,0.714,1,3,8,3,3,1475.6,1612.2,-136.60000000000014,0,2,2,14.0,12.6,8.6,3.2,3.0,2.2,1.4000000000000004,5.3999999999999995,0.7999999999999998,1
0022401049,2025-03-25,ATL @ HOU,HOU,10,14,0,1,0.3,ATL,18,4,1,1,0.5,0,-8,10,-1,0,1553.7,1495.1,58.600000000000136,3,0,-3,16.6,15.4,10.6,3.4,3.6,1.6,1.200000000000001,7.199999999999999,2.0,1
0022401048,2025-03-25,DAL @ NYK,NYK,11,2,2,2,0.714,DAL,0,4,0,0,,1,11,-2,2,2,1548.8,1490.2,58.59999999999991,2,2,0,6.2,9.0,2.6,2.6,2.0,0.8,-2.8,0.0,1.2,1
0022401047,2025-03-25,GSW @ MIA,MIA,5,0,0,1,0.5,GSW,13,3,0,0,0.625,0,-8,-3,0,1,1480.5,1534.1,-53.59999999999991,2,3,1,11.2,9.2,8.6,2.4,1.6,1.0,2.0,6.199999999999999,0.6000000000000001,1
0022401052,2025-03-25,SAC vs. OKC,SAC,8,12,7,3,0.25,OKC,4,10,5,3,0.667,1,4,2,2,0,1495.1,1631.7,-136.60000000000014,2,0,-2,10.2,5.4,6.6,5.4,2.6,1.6,4.799999999999999,1.1999999999999993,1.0,1
0022401050,2025-03-25,UTA vs. MEM,UTA,8,1,1,0,0.333,MEM,16,5,10,0,0.875,0,-8,-4,-9,0,1382.9,1534.1,-151.19999999999982,1,0,-1,6.8,7.6,3.8,2.8,1.0,3.4,-0.7999999999999998,1.0,-2.4,1
0022401045,2025-03-25,CHA vs. ORL,CHA,25,1,9,4,0.692,ORL,12,0,0,0,0.571,1,13,1,9,4,1392.7,1500.0,-107.29999999999995,2,2,0,15.0,6.6,6.2,2.6,3.6,1.2,8.4,3.6,2.4000000000000004,1
0022401046,2025-03-25,SAS @ DET,DET,14,6,3,1,0.6,SAS,2,4,0,0,0.25,1,12,2,3,1,1514.6,1465.9,48.69999999999982,0,1,1,14.4,4.4,3.6,2.4,3.4,0.6,10.0,1.2000000000000002,2.8,1
0022401053,2025-03-26,PHI vs. WAS,PHI,14,5,4,0,0.5,WAS,9,5,6,1,0.308,1,5,0,-2,-1,1417.1,1387.8,29.299999999999955,0,3,3,12.6,7.4,2.0,3.4,5.2,3.8,5.199999999999999,-1.4,1.4000000000000004,1
0022401054,2025-03-26,BKN vs. TOR,BKN,9,4,3,1,0.5,TOR,11,2,6,0,0.286,0,-2,2,-3,1,1426.8,1446.3,-19.5,2,0,-2,11.4,7.2,4.8,2.6,3.6,4.0,4.2,2.1999999999999997,-0.3999999999999999,1
0022401055,2025-03-26,LAL @ IND,IND,13,1,2,1,0.556,LAL,11,3,1,2,0.571,1,2,-2,1,-1,1543.9,1543.9,0.0,2,0,-2,8.0,11.8,3.6,3.0,1.8,1.6,-3.8000000000000007,0.6000000000000001,0.19999999999999996,1
0022401056,2025-03-26,LAC @ NYK,NYK,0,0,3,0,0.0,LAC,0,0,0,0,,0,0,0,3,0,1548.8,1543.9,4.899999999999864,2,0,-2,4.6,4.2,2.2,1.8,2.6,1.0,0.39999999999999947,0.40000000000000013,1.6,1
0022401057,2025-03-26,DEN vs. MIL,DEN,0,0,0,0,,MIL,12,7,8,4,0.333,0,-12,-7,-8,-4,1543.9,1534.1,9.800000000000182,3,3,0,8.2,7.0,2.6,3.2,2.8,3.6,1.1999999999999993,-0.6000000000000001,-0.8000000000000003,1
0022401058,2025-03-26,BOS @ PHX,PHX,6,5,0,0,0.222,BOS,11,3,3,0,0.8,0,-5,2,-3,0,1475.6,1597.6,-122.0,3,0,-3,10.2,12.4,4.8,5.2,0.6,3.2,-2.200000000000001,-0.40000000000000036,-2.6,1
0022401062,2025-03-27,ATL @ MIA,MIA,3,0,1,0,0.5,ATL,4,2,0,0,0.667,0,-1,-2,1,0,1480.5,1495.1,-14.599999999999909,0,1,1,10.0,14.0,6.8,3.2,1.4,1.0,-4.0,3.5999999999999996,0.3999999999999999,1
0022401059,2025-03-27,CLE vs. SAS,CLE,13,2,2,1,0.385,SAS,13,5,2,1,0.417,0,0,-3,0,0,1612.2,1465.9,146.29999999999995,0,0,0,5.8,7.0,1.8,3.4,1.4,1.0,-1.2000000000000002,-1.5999999999999999,0.3999999999999999,1
0022401063,2025-03-27,CHI vs. LAL,CHI,25,14,11,7,0.421,LAL,7,5,1,0,0.75,1,18,9,10,7,1490.2,1543.9,-53.700000000000045,0,2,2,13.6,8.4,7.6,4.0,4.6,1.2,5.199999999999999,3.5999999999999996,3.3999999999999995,1
0022401060,2025-03-27,DAL @ ORL,ORL,14,3,3,2,0.5,DAL,4,3,2,0,0.667,1,10,0,1,2,1500.0,1490.2,9.799999999999955,2,1,-1,13.0,6.8,3.2,2.6,3.2,1.2,6.2,0.6000000000000001,2.0,1
0022401061,2025-03-27,IND @ WAS,WAS,2,1,0,0,1.0,IND,3,2,0,0,1.0,0,-1,-1,0,0,1387.8,1543.9,-156.10000000000014,3,1,-2,7.0,6.6,4.2,2.6,2.0,3.2,0.40000000000000036,1.6,-1.2000000000000002,1
0022401066,2025-03-27,POR @ SAC,SAC,3,1,0,0,0.333,POR,22,7,0,2,0.467,0,-19,-6,0,-2,1495.1,1475.6,19.5,0,1,1,7.6,13.6,5.8,3.2,2.0,1.8,-6.0,2.5999999999999996,0.19999999999999996,1
0022401064,2025-03-27,OKC vs. MEM,OKC,18,11,4,2,0.556,MEM,13,5,0,1,0.5,1,5,6,4,1,1631.7,1534.1,97.60000000000014,3,3,0,8.6,8.8,4.6,3.0,2.8,3.0,-0.20000000000000107,1.5999999999999996,-0.20000000000000018,1
0022401065,2025-03-27,HOU @ UTA,UTA,16,1,5,4,0.583,HOU,15,10,5,0,0.636,1,1,-9,0,4,1382.9,1553.7,-170.79999999999995,0,3,3,8.4,14.8,3.0,6.6,1.8,3.6,-6.4,-3.5999999999999996,-1.8,1
0022401069,2025-03-28,TOR vs. CHA,TOR,5,10,1,0,0.4,CHA,4,6,5,1,0.167,1,1,4,-4,-1,1446.3,1392.7,53.59999999999991,2,1,-1,14.4,10.8,8.2,3.6,3.2,6.0,3.5999999999999996,4.6,-2.8,1
0022401071,2025-03-28,MIN vs. PHX,MIN,20,4,5,2,0.421,PHX,21,2,2,0,0.583,0,-1,2,3,2,1539.0,1475.6,63.40000000000009,0,0,0,10.8,9.0,2.0,4.2,1.4,1.4,1.8000000000000007,-2.2,0.0,1
0022401070,2025-03-28,MIL vs. NYK,MIL,20,5,3,4,0.5,NYK,5,0,5,0,0.5,1,15,5,-2,4,1534.1,1548.8,-14.700000000000045,0,0,0,8.0,4.8,2.8,1.6,1.4,1.6,3.2,1.1999999999999997,-0.20000000000000018,1
0022401068,2025-03-28,LAC @ BKN,BKN,6,5,5,2,0.375,LAC,21,12,1,1,1.0,0,-15,-7,4,1,1426.8,1543.9,-117.10000000000014,0,3,3,9.8,5.8,5.2,3.4,4.0,0.6,4.000000000000001,1.8000000000000003,3.4,1
0022401072,2025-03-28,GSW @ NOP,NOP,5,2,1,2,0.5,GSW,10,6,2,0,0.364,0,-5,-4,-1,2,1402.4,1534.1,-131.69999999999982,3,0,-3,5.0,9.4,2.8,3.2,0.8,1.4,-4.4,-0.40000000000000036,-0.5999999999999999,1
0022401073,2025-03-28,DEN vs. UTA,DEN,0,1,1,1,0.0,UTA,12,5,1,3,0.417,0,-12,-4,0,-2,1543.9,1382.9,161.0,3,2,-1,7.6,10.4,2.4,5.8,2.6,2.8,-2.8000000000000007,-3.4,-0.19999999999999973,1
0022401067,2025-03-28,CLE @ DET,DET,3,1,0,0,0.333,CLE,8,4,0,0,0.571,0,-5,-3,0,0,1514.6,1612.2,-97.60000000000014,3,2,-1,13.4,13.8,2.8,3.4,3.2,2.0,-0.40000000000000036,-0.6000000000000001,1.2000000000000002,1
0022401080,2025-03-29,BOS @ SAS,SAS,23,6,3,1,0.75,BOS,21,6,6,0,0.667,1,2,0,-3,1,1465.9,1597.6,-131.69999999999982,0,1,1,16.0,12.6,4.0,4.8,4.6,2.8,3.4000000000000004,-0.7999999999999998,1.7999999999999998,1
0022401077,2025-03-29,CHI vs. DAL,CHI,4,2,1,0,1.0,DAL,0,0,0,0,,1,4,2,1,0,1490.2,1490.2,0.0,1,2,1,12.2,6.4,7.0,1.8,4.4,1.2,5.799999999999999,5.2,3.2,1
0022401078,2025-03-29,LAL @ MEM,MEM,11,3,3,0,0.375,LAL,15,2,1,1,0.714,0,-4,1,2,-1,1534.1,1543.9,-9.800000000000182,2,1,-1,11.0,10.6,6.0,3.8,3.2,1.2,0.40000000000000036,2.2,2.0,1
0022401075,2025-03-29,BKN @ WAS,WAS,20,2,4,1,0.636,BKN,20,5,4,1,0.636,0,0,-3,0,0,1387.8,1426.8,-39.0,3,1,-2,9.4,14.8,3.8,3.8,1.8,1.8,-5.4,0.0,0.0,1
0022401079,2025-03-29,IND @ OKC,OKC,4,3,0,0,0.2,IND,18,4,3,0,0.5,0,-14,-1,-3,0,1631.7,1543.9,87.79999999999995,0,1,1,7.6,9.8,4.2,3.2,2.6,3.8,-2.200000000000001,1.0,-1.1999999999999997,1
0022401076,2025-03-29,MIA @ PHI,PHI,0,1,0,1,0.0,MIA,0,1,0,0,0.0,0,0,0,0,1,1417.1,1480.5,-63.40000000000009,0,0,0,11.6,11.6,2.2,2.2,4.6,1.4,0.0,0.0,3.1999999999999997,1
0022401074,2025-03-29,ORL vs. SAC,ORL,21,2,3,0,0.667,SAC,0,1,1,0,0.0,1,21,1,2,0,1500.0,1495.1,4.900000000000091,1,0,-1,9.0,3.4,2.0,4.4,2.2,2.0,5.6,-2.4000000000000004,0.20000000000000018,1
0022401083,2025-03-30,ATL @ MIL,MIL,1,0,0,0,0.0,ATL,9,1,4,1,0.8,0,-8,-1,-4,-1,1534.1,1495.1,39.0,1,1,0,5.4,10.4,1.6,3.2,1.2,1.8,-5.0,-1.6,-0.6000000000000001,1
0022401081,2025-03-30,CLE vs. LAC,CLE,22,7,4,3,0.5,LAC,15,3,2,2,0.625,1,7,4,2,1,1612.2,1543.9,68.29999999999995,2,1,-1,9.2,8.8,3.0,4.0,2.0,0.8,0.3999999999999986,-1.0,1.2,1
0022401085,2025-03-30,NOP vs. CHA,NOP,2,3,6,3,0.143,CHA,19,4,2,1,0.438,0,-17,-1,4,2,1402.4,1392.7,9.700000000000045,3,2,-1,3.6,9.2,1.8,3.8,1.8,3.4,-5.6,-1.9999999999999998,-1.5999999999999999,1
0022401087,2025-03-30,PHI vs. TOR,PHI,18,2,5,5,0.75,TOR,16,7,1,1,0.545,1,2,-5,4,4,1417.1,1446.3,-29.200000000000045,3,3,0,14.2,10.0,2.6,3.6,4.4,4.0,4.199999999999999,-1.0,0.40000000000000036,1
0022401088,2025-03-30,HOU @ PHX,PHX,5,1,3,1,0.222,HOU,11,2,1,0,0.571,0,-6,-1,2,1,1475.6,1553.7,-78.10000000000014,1,3,2,10.8,12.0,5.0,5.2,1.0,2.4,-1.1999999999999993,-0.20000000000000018,-1.4,1
0022401084,2025-03-30,MIN vs. DET,MIN,0,0,1,0,0.0,DET,3,5,1,0,0.125,0,-3,-5,0,0,1539.0,1514.6,24.40000000000009,3,2,-1,10.4,10.8,2.0,4.4,1.4,2.6,-0.40000000000000036,-2.4000000000000004,-1.2000000000000002,1
0022401082,2025-03-30,NYK vs. POR,NYK,7,4,2,1,0.5,POR,0,1,0,2,0.0,1,7,3,2,-1,1548.8,1475.6,73.20000000000005,0,2,2,4.8,13.2,2.2,3.2,2.0,1.6,-8.399999999999999,-1.0,0.3999999999999999,1
0022401086,2025-03-30,GSW @ SAS,SAS,11,5,2,2,0.4,GSW,4,4,6,0,0.333,1,7,1,-4,2,1465.9,1534.1,-68.19999999999982,0,0,0,16.2,6.4,4.2,3.0,4.4,1.8,9.799999999999999,1.2000000000000002,2.6000000000000005,1
0022401095,2025-03-31,DAL vs. BKN,DAL,7,5,2,0,0.75,BKN,6,5,1,2,0.286,1,1,0,1,-2,1490.2,1426.8,63.40000000000009,1,2,1,9.8,13.8,5.6,4.0,3.2,1.8,-4.0,1.5999999999999996,1.4000000000000001,1
0022401091,2025-03-31,LAC @ ORL,ORL,0,0,0,0,,LAC,5,3,2,1,0.4,0,-5,-3,-2,-1,1500.0,1543.9,-43.90000000000009,1,3,2,7.8,8.2,1.6,3.8,1.6,1.2,-0.39999999999999947,-2.1999999999999997,0.40000000000000013,1
0022401093,2025-03-31,BOS @ MEM,MEM,4,2,0,0,0.667,BOS,2,3,0,1,0.0,1,2,-1,0,-1,1534.1,1597.6,-63.5,1,2,1,9.8,12.0,5.0,3.6,2.6,2.4,-2.1999999999999993,1.4,0.20000000000000018,1
0022401090,2025-03-31,IND vs. SAC,IND,18,2,11,5,0.538,SAC,25,16,0,1,0.579,0,-7,-14,11,4,1543.9,1495.1,48.80000000000018,3,0,-3,9.8,8.4,2.8,7.4,3.6,2.0,1.4000000000000004,-4.6000000000000005,1.6,1
0022401094,2025-03-31,OKC vs. CHI,OKC,2,2,1,0,0.0,CHI,15,8,10,4,0.4,0,-13,-6,-9,-4,1631.7,1490.2,141.5,2,1,-1,8.0,9.6,4.6,4.0,2.8,4.0,-1.5999999999999996,0.5999999999999996,-1.2000000000000002,1
0022401089,2025-03-31,UTA @ CHA,CHA,4,2,0,2,1.0,UTA,11,4,2,1,0.444,0,-7,-2,-2,1,1392.7,1382.9,9.799999999999955,3,3,0,14.0,9.8,6.2,5.6,3.2,2.4,4.199999999999999,0.6000000000000005,0.8000000000000003,1
0022401092,2025-03-31,MIA @ WAS,WAS,8,8,9,3,0.273,MIA,6,11,0,4,0.5,1,2,-3,9,-1,1387.8,1480.5,-92.70000000000005,2,3,1,9.4,10.0,4.0,3.4,3.4,1.0,-0.5999999999999996,0.6000000000000001,2.4,1
0022401096,2025-03-31,HOU @ LAL,LAL,3,3,1,2,0.5,HOU,9,9,5,2,0.308,0,-6,-6,-4,0,1543.9,1553.7,-9.799999999999955,3,3,0,8.4,13.4,1.8,6.4,1.8,2.8,-5.0,-4.6000000000000005,-0.9999999999999998,1
0022400988,2025-04-01,ORL @ SAS,SAS,4,4,3,1,0.25,ORL,24,5,7,0,0.45,0,-20,-1,-4,1,1465.9,1500.0,-34.09999999999991,1,2,1,13.6,9.0,4.8,2.4,3.6,2.0,4.6,2.4,1.6,1
0022401098,2025-04-01,NYK vs. PHI,NYK,12,4,4,1,0.571,PHI,9,8,2,4,0.6,1,3,-4,2,-3,1548.8,1417.1,131.70000000000005,3,1,-2,6.8,7.0,3.0,2.0,2.6,3.2,-0.20000000000000018,1.0,-0.6000000000000001,1
0022401101,2025-04-01,MIL vs. PHX,MIL,23,5,5,2,0.8,PHX,23,4,3,2,0.471,0,0,1,2,0,1534.1,1475.6,58.5,1,3,2,10.0,13.0,2.2,5.0,2.2,2.0,-3.0,-2.8,0.20000000000000018,1
0022401100,2025-04-01,GSW @ MEM,MEM,10,2,2,2,0.444,GSW,3,4,1,0,0.25,1,7,-2,1,2,1534.1,1534.1,0.0,1,3,2,10.2,7.0,4.6,3.8,2.8,2.0,3.1999999999999993,0.7999999999999998,0.7999999999999998,1
0022401102,2025-04-01,DEN vs. MIN,DEN,2,2,1,2,0.5,MIN,34,10,8,5,0.48,0,-32,-8,-7,-3,1543.9,1539.0,4.900000000000091,2,0,-2,3.6,18.8,1.8,6.8,1.6,3.4,-15.200000000000001,-5.0,-1.7999999999999998,1
0022401099,2025-04-01,CHI vs. TOR,CHI,22,10,7,1,0.75,TOR,9,0,5,2,0.273,1,13,10,2,-1,1490.2,1446.3,43.90000000000009,0,1,1,16.0,11.2,8.6,3.4,5.2,4.2,4.800000000000001,5.199999999999999,1.0,1
0022401097,2025-04-01,ATL vs. POR,ATL,0,2,0,1,0.0,POR,18,2,1,1,0.8,0,-18,0,-1,0,1495.1,1475.6,19.5,1,3,2,9.0,14.2,5.4,3.2,2.4,1.0,-5.199999999999999,2.2,1.4,1
0022401103,2025-04-02,CLE vs. NYK,CLE,16,2,0,0,0.545,NYK,0,1,0,0,0.0,1,16,1,0,0,1612.2,1548.8,63.40000000000009,3,3,0,12.0,4.8,3.4,1.4,1.8,1.6,7.2,2.0,0.19999999999999996,1
0022401109,2025-04-02,ATL @ DAL,DAL,13,1,3,2,0.556,ATL,17,6,5,2,0.583,0,-4,-5,-2,0,1490.2,1495.1,-4.899999999999864,1,0,-1,11.8,13.8,5.4,4.2,3.6,2.4,-2.0,1.2000000000000002,1.2000000000000002,1
0022401106,2025-04-02,BOS vs. MIA,BOS,16,3,7,2,0.235,MIA,0,2,0,0,0.0,1,16,1,7,2,1597.6,1480.5,117.09999999999991,3,0,-3,6.4,7.2,3.4,3.2,2.8,0.6,-0.7999999999999998,0.19999999999999973,2.1999999999999997,1
0022401111,2025-04-02,NOP @ LAC,LAC,11,7,1,2,0.5,NOP,6,4,4,4,0.75,1,5,3,-3,-2,1543.9,1402.4,141.5,1,0,-1,5.0,9.2,3.8,3.8,0.6,4.2,-4.199999999999999,0.0,-3.6,1
0022401107,2025-04-02,HOU vs. UTA,HOU,15,14,9,3,0.5,UTA,10,3,3,1,0.2,1,5,11,6,2,1553.7,1382.9,170.79999999999995,1,3,2,16.4,10.8,10.4,5.4,4.6,2.8,5.599999999999998,5.0,1.7999999999999998,1
0022401104,2025-04-02,CHA @ IND,IND,0,0,0,0,,CHA,16,12,1,4,0.75,0,-16,-12,-1,-4,1543.9,1392.7,151.20000000000005,3,2,-1,8.6,11.2,1.6,5.6,2.6,3.4,-2.5999999999999996,-3.9999999999999996,-0.7999999999999998,1
0022401110,2025-04-02,DEN vs. SAS,DEN,18,6,0,0,0.35,SAS,13,1,2,0,0.4,1,5,5,-2,0,1543.9,1465.9,78.0,1,3,2,5.4,8.6,2.4,3.0,0.8,1.4,-3.1999999999999993,-0.6000000000000001,-0.5999999999999999,1
0022401105,2025-04-02,SAC @ WAS,WAS,8,11,3,1,0.5,SAC,2,3,0,1,0.2,1,6,8,3,0,1387.8,1495.1,-107.29999999999995,1,3,2,7.6,7.0,5.0,4.6,3.4,0.6,0.5999999999999996,0.40000000000000036,2.8,1
0022401108,2025-04-02,DET @ OKC,OKC,22,11,4,2,0.5,DET,6,0,1,0,0.25,1,16,11,3,2,1631.7,1514.6,117.10000000000014,1,0,-1,11.4,11.0,6.0,3.2,2.8,2.4,0.40000000000000036,2.8,0.3999999999999999,1
0022401114,2025-04-03,MIA vs. MEM,MIA,13,15,0,0,0.385,MEM,9,8,2,2,0.429,1,4,7,-2,-2,1480.5,1534.1,-53.59999999999991,3,3,0,9.8,10.6,7.4,4.2,1.4,3.4,-0.7999999999999989,3.2,-2.0,1
0022401112,2025-04-03,WAS vs. ORL,WAS,7,1,0,4,0.429,ORL,8,1,0,0,0.4,0,-1,0,0,4,1387.8,1500.0,-112.20000000000005,0,2,2,9.0,10.0,4.6,2.4,3.2,1.8,-1.0,2.1999999999999997,1.4000000000000001,1
0022401116,2025-04-03,POR @ TOR,TOR,9,4,1,2,0.75,POR,2,4,0,0,0.0,1,7,0,1,2,1446.3,1475.6,-29.299999999999955,1,1,0,13.6,10.2,8.2,3.2,3.4,0.4,3.4000000000000004,4.999999999999999,3.0,1
0022401113,2025-04-03,MIN @ BKN,BKN,5,2,5,0,0.25,MIN,2,1,2,3,0.111,1,3,1,3,-3,1426.8,1539.0,-112.20000000000005,2,2,0,6.2,13.4,3.6,5.0,3.8,3.0,-7.2,-1.4,0.7999999999999998,1
0022401115,2025-04-03,MIL @ PHI,PHI,4,5,0,1,0.2,MIL,13,2,1,0,0.375,0,-9,3,-1,1,1417.1,1534.1,-117.0,2,1,-1,12.0,9.2,3.6,2.6,2.6,3.4,2.8000000000000007,1.0,-0.7999999999999998,1
0022401117,2025-04-03,GSW @ LAL,LAL,33,5,9,4,0.667,GSW,4,3,1,1,0.25,1,29,2,8,3,1543.9,1534.1,9.800000000000182,3,1,-2,14.2,6.8,2.4,4.0,3.4,2.0,7.3999999999999995,-1.6,1.4,1
0022401120,2025-04-04,BOS vs. PHX,BOS,12,4,0,0,0.714,PHX,4,7,0,0,0.667,1,8,-3,0,0,1597.6,1475.6,122.0,1,1,0,6.8,11.8,3.2,4.0,1.4,1.6,-5.000000000000001,-0.7999999999999998,-0.20000000000000018,1
0022401124,2025-04-04,CLE @ SAS,SAS,9,4,8,1,0.4,CLE,3,6,3,1,0.2,1,6,-2,5,0,1465.9,1612.2,-146.29999999999995,0,2,2,13.4,12.0,4.8,3.8,4.6,2.2,1.4000000000000004,1.0,2.3999999999999995,1
0022401126,2025-04-04,NOP @ LAL,LAL,0,1,0,1,,NOP,27,4,5,4,0.476,0,-27,-3,-5,-3,1543.9,1402.4,141.5,1,1,0,11.8,13.2,2.6,4.6,3.2,4.2,-1.3999999999999986,-1.9999999999999996,-1.0,1
0022401127,2025-04-04,DAL @ LAC,LAC,12,4,6,0,0.5,DAL,11,6,1,0,0.286,1,1,-2,5,0,1543.9,1490.2,53.700000000000045,3,1,-2,6.0,3.8,2.8,2.6,1.6,1.0,2.2,0.19999999999999973,0.6000000000000001,1
0022401122,2025-04-04,CHI vs. POR,CHI,0,0,1,0,,POR,7,6,4,0,0.429,0,-7,-6,-3,0,1490.2,1475.6,14.600000000000136,3,0,-3,13.8,9.8,6.4,4.0,5.2,1.0,4.0,2.4000000000000004,4.2,1
0022401123,2025-04-04,HOU vs. OKC,HOU,0,1,0,0,,OKC,3,1,0,0,0.333,0,-3,0,0,0,1553.7,1631.7,-78.0,3,1,-2,11.6,5.6,7.6,5.4,3.8,1.6,6.0,2.1999999999999993,2.1999999999999997,1
0022401119,2025-04-04,IND vs. UTA,IND,3,4,2,0,0.5,UTA,15,8,5,1,0.429,0,-12,-4,-3,-1,1543.9,1382.9,161.0,2,1,-1,7.2,12.0,1.4,4.2,3.0,2.8,-4.8,-2.8000000000000003,0.20000000000000018,1
0022401118,2025-04-04,SAC @ CHA,CHA,8,8,3,3,0.3,SAC,0,0,1,1,0.0,1,8,8,2,2,1392.7,1495.1,-102.39999999999986,3,0,-3,12.4,6.0,4.8,4.4,3.4,0.4,6.4,0.39999999999999947,3.0,1
0022401121,2025-04-04,TOR vs. DET,TOR,10,11,2,4,0.455,DET,21,18,6,0,0.818,0,-11,-7,-4,4,1446.3,1514.6,-68.29999999999995,0,3,3,14.2,10.4,8.6,6.0,3.2,2.0,3.799999999999999,2.5999999999999996,1.2000000000000002,1
0022401125,2025-04-04,GSW vs. DEN,GSW,3,4,0,0,0.25,DEN,0,0,0,0,,1,3,4,0,0,1534.1,1543.9,-9.800000000000182,2,1,-1,8.0,11.4,4.0,2.4,1.0,2.0,-3.4000000000000004,1.6,-1.0,1
0022401129,2025-04-05,MEM @ DET,DET,7,1,2,0,0.375,MEM,3,0,0,0,1.0,1,4,1,2,0,1514.6,1534.1,-19.5,0,0,0,7.2,11.2,2.4,4.2,1.6,3.4,-3.999999999999999,-1.8000000000000003,-1.7999999999999998,1
0022401130,2025-04-05,MIN @ PHI,PHI,16,1,8,3,0.467,MIN,9,7,2,5,0.4,1,7,-6,6,-2,1417.1,1539.0,-121.90000000000009,1,2,1,10.4,12.2,2.8,5.2,3.4,2.6,-1.799999999999999,-2.4000000000000004,0.7999999999999998,1
0022401131,2025-04-05,MIA vs. MIL,MIA,20,2,5,2,0.533,MIL,10,3,2,0,0.6,1,10,-1,3,2,1480.5,1534.1,-53.59999999999991,1,1,0,10.6,11.2,5.0,3.2,2.2,3.8,-0.5999999999999996,1.7999999999999998,-1.5999999999999996,1
0022401132,2025-04-05,DAL @ LAC,LAC,3,0,2,0,1.0,DAL,7,2,2,1,0.667,0,-4,-2,0,-1,1543.9,1490.2,53.700000000000045,1,2,1,6.2,4.4,2.6,3.0,2.0,1.0,1.7999999999999998,-0.3999999999999999,1.0,1
0022401128,2025-04-05,ATL vs. NYK,ATL,6,5,2,4,0.5,NYK,12,4,2,3,0.364,0,-6,1,0,1,1495.1,1548.8,-53.700000000000045,3,2,-1,8.2,3.4,6.0,1.0,2.4,1.4,4.799999999999999,5.0,1.0,1
0022401136,2025-04-06,ATL vs. UTA,ATL,19,6,6,1,0.5,UTA,17,3,12,4,0.429,1,2,3,-6,-3,1495.1,1382.9,112.19999999999982,0,1,1,9.0,13.0,5.8,4.6,3.4,4.6,-4.0,1.2000000000000002,-1.1999999999999997,1
0022401137,2025-04-06,BOS vs. WAS,BOS,13,7,5,1,0.385,WAS,12,0,4,0,0.417,1,1,7,1,1,1597.6,1387.8,209.79999999999995,2,3,1,8.4,9.0,3.0,3.0,2.4,4.4,-0.5999999999999996,0.0,-2.0000000000000004,1
0022401138,2025-04-06,CLE vs. SAC,CLE,20,4,2,3,0.692,SAC,37,2,1,2,0.714,0,-17,2,1,1,1612.2,1495.1,117.10000000000014,0,1,1,14.6,12.8,3.4,4.4,1.6,0.6,1.799999999999999,-1.0000000000000004,1.0,1
0022400617,2025-04-06,NOP vs. MIL,NOP,23,2,2,4,0.444,MIL,17,4,4,4,0.615,1,6,-2,-2,0,1402.4,1534.1,-131.69999999999982,2,3,1,6.0,11.0,2.2,3.4,2.0,3.4,-5.0,-1.1999999999999997,-1.4,1
0022401133,2025-04-06,CHI @ CHA,CHA,8,2,4,0,0.25,CHI,0,0,0,0,,1,8,2,4,0,1392.7,1490.2,-97.5,2,2,0,11.8,5.2,3.4,2.6,3.2,2.6,6.6000000000000005,0.7999999999999998,0.6000000000000001,1
0022401143,2025-04-06,GSW vs. HOU,GSW,5,11,0,2,0.5,HOU,0,0,0,0,,1,5,11,0,2,1534.1,1553.7,-19.600000000000136,0,2,2,8.0,8.2,5.0,5.0,0.6,2.4,-0.1999999999999993,0.0,-1.7999999999999998,1
0022401140,2025-04-06,NYK vs. PHX,NYK,8,0,2,0,0.5,PHX,5,2,0,0,1.0,1,3,-2,2,0,1548.8,1475.6,73.20000000000005,2,3,1,7.6,11.4,2.0,3.8,2.6,1.4,-3.8000000000000007,-1.7999999999999998,1.2000000000000002,1
0022401139,2025-04-06,POR vs. SAS,POR,7,1,3,1,0.333,SAS,22,7,5,4,0.412,0,-15,-6,-2,-3,1475.6,1465.9,9.699999999999818,1,1,0,13.2,10.8,6.2,3.6,3.2,2.0,2.3999999999999986,2.6,1.2000000000000002,1
0022401135,2025-04-06,OKC vs. LAL,OKC,4,5,1,1,0.167,LAL,3,1,0,0,1.0,1,1,4,1,1,1631.7,1543.9,87.79999999999995,3,1,-2,10.0,8.0,6.4,3.0,2.0,0.6,2.0,3.4000000000000004,1.4,1
0022401134,2025-04-06,TOR @ BKN,BKN,12,7,3,2,0.571,TOR,11,7,3,3,0.714,1,1,0,0,-1,1426.8,1446.3,-19.5,0,3,3,7.6,11.2,4.4,4.0,4.2,3.6,-3.5999999999999996,0.40000000000000036,0.6000000000000001,1
0022401142,2025-04-06,DEN vs. IND,DEN,3,1,0,2,0.5,IND,4,5,4,2,0.0,0,-1,-4,-4,0,1543.9,1543.9,0.0,0,2,2,4.6,10.2,2.0,3.4,0.4,4.4,-5.6,-1.4,-4.0,1
0022401144,2025-04-07,SAC @ DET,DET,14,1,2,0,0.333,SAC,2,0,1,1,0.333,1,12,1,1,-1,1514.6,1495.1,19.5,3,3,0,9.2,13.2,2.2,4.2,1.6,0.6,-4.0,-2.0,1.0,1
0022401145,2025-04-07,MIA vs. PHI,MIA,12,4,9,1,0.417,PHI,0,2,1,0,0.0,1,12,2,8,1,1480.5,1417.1,63.40000000000009,3,3,0,10.6,5.8,4.2,2.2,3.0,2.4,4.8,2.0,0.6000000000000001,1
0022401149,2025-04-08,ATL @ ORL,ORL,7,2,2,0,0.4,ATL,0,0,0,0,,1,7,2,2,0,1500.0,1495.1,4.900000000000091,3,3,0,8.8,9.6,1.6,2.6,1.6,2.0,-0.7999999999999989,-1.0,-0.3999999999999999,1
0022401151,2025-04-08,BOS @ NYK,NYK,7,0,2,2,0.429,BOS,2,3,1,2,0.0,1,5,-3,1,0,1548.8,1597.6,-48.799999999999955,3,0,-3,6.8,11.6,1.6,4.0,2.6,2.4,-4.8,-2.4,0.20000000000000018,1
0022401155,2025-04-08,LAC vs. SAS,LAC,0,0,0,0,,SAS,0,2,1,1,,0,0,-2,-1,-1,1543.9,1465.9,78.0,1,1,0,5.2,10.0,2.2,3.8,1.8,2.0,-4.8,-1.5999999999999996,-0.19999999999999996,1
0022401153,2025-04-08,LAL @ OKC,OKC,0,0,0,0,,LAL,3,3,0,0,0.25,0,-3,-3,0,0,1631.7,1543.9,87.79999999999995,1,2,1,6.4,7.8,4.2,2.8,1.2,0.6,-1.3999999999999995,1.4000000000000004,0.6,1
0022401147,2025-04-08,CLE vs. CHI,CLE,3,0,2,0,0.5,CHI,21,3,5,4,0.636,0,-18,-3,-3,-4,1612.2,1490.2,122.0,2,3,1,14.8,8.4,3.0,3.0,2.0,3.6,6.4,0.0,-1.6,1
0022401150,2025-04-08,BKN vs. NOP,BKN,13,4,2,3,0.375,NOP,15,3,0,2,0.875,0,-2,1,2,1,1426.8,1402.4,24.399999999999864,1,3,2,9.0,13.6,4.4,4.0,3.6,4.0,-4.6,0.40000000000000036,-0.3999999999999999,1
0022401148,2025-04-08,IND vs. WAS,IND,24,10,3,0,0.579,WAS,20,13,0,0,0.615,1,4,-3,3,0,1543.9,1387.8,156.10000000000014,2,0,-2,11.6,11.4,3.4,4.2,3.6,3.6,0.1999999999999993,-0.8000000000000003,0.0,1
0022401154,2025-04-08,PHX vs. GSW,PHX,4,9,0,1,0.4,GSW,6,3,1,0,1.0,0,-2,6,-1,1,1475.6,1534.1,-58.5,3,3,0,8.4,5.4,5.8,4.0,1.0,2.2,3.0,1.7999999999999998,-1.2000000000000002,1
0022401146,2025-04-08,MEM @ CHA,CHA,9,0,1,1,0.5,MEM,2,1,2,1,0.25,1,7,-1,-1,0,1392.7,1534.1,-141.39999999999986,2,0,-2,10.8,8.6,2.6,3.8,3.4,2.8,2.200000000000001,-1.1999999999999997,0.6000000000000001,1
0022401152,2025-04-08,MIL vs. MIN,MIL,10,4,0,3,0.5,MIN,9,7,6,5,0.375,1,1,-3,-6,-2,1534.1,1539.0,-4.900000000000091,2,0,-2,10.8,10.8,2.8,5.0,1.6,3.6,0.0,-2.2,-2.0,1
0022401158,2025-04-09,TOR vs. CHA,TOR,8,3,2,1,0.375,CHA,9,6,0,1,0.364,0,-1,-3,2,0,1446.3,1392.7,53.59999999999991,3,0,-3,10.8,11.0,6.8,6.6,2.4,1.8,-0.1999999999999993,0.20000000000000018,0.5999999999999999,1
0022401162,2025-04-09,POR @ UTA,UTA,18,6,6,7,0.375,POR,16,6,2,0,0.333,1,2,0,4,7,1382.9,1475.6,-92.69999999999982,3,1,-2,11.2,8.6,2.2,3.8,2.6,1.4,2.5999999999999996,-1.5999999999999996,1.2000000000000002,1
0022401164,2025-04-09,PHX vs. OKC,PHX,10,3,2,0,0.5,OKC,19,5,3,0,0.75,0,-9,-2,-1,0,1475.6,1631.7,-156.10000000000014,1,2,1,7.4,9.0,5.4,4.8,1.0,2.0,-1.5999999999999996,0.6000000000000005,-1.0,1
0022401157,2025-04-09,PHI @ WAS,WAS,7,4,3,0,0.091,PHI,17,9,0,4,0.75,0,-10,-5,3,-4,1387.8,1417.1,-29.299999999999955,2,1,-1,10.0,8.6,5.2,3.8,3.8,1.6,1.4000000000000004,1.4000000000000004,2.1999999999999997,1
0022401166,2025-04-09,HOU @ LAC,LAC,35,3,10,2,0.556,HOU,4,0,1,1,0.4,1,31,3,9,1,1543.9,1553.7,-9.799999999999955,2,2,0,12.2,7.8,2.8,4.2,3.8,2.4,4.3999999999999995,-1.4000000000000004,1.4,1
0022401163,2025-04-09,GSW vs. SAS,GSW,0,1,0,0,0.0,SAS,21,3,5,2,0.533,0,-21,-2,-5,-2,1534.1,1465.9,68.19999999999982,2,1,-1,8.0,13.8,4.4,3.6,0.6,3.0,-5.800000000000001,0.8000000000000003,-2.4,1
0022401165,2025-04-09,DEN @ SAC,SAC,27,0,11,4,0.5,DEN,7,4,1,1,0.6,1,20,-4,10,3,1495.1,1543.9,-48.80000000000018,0,0,0,13.0,10.2,5.4,2.2,4.2,2.0,2.8000000000000007,3.2,2.2,1
0022401159,2025-04-09,DAL vs. LAL,DAL,6,0,0,1,1.0,LAL,3,5,0,0,0.333,1,3,-5,0,1,1490.2,1543.9,-53.700000000000045,0,2,2,10.4,6.2,4.4,3.2,2.6,0.4,4.2,1.2000000000000002,2.2,1
0022401160,2025-04-09,CHI vs. MIA,CHI,2,0,0,0,1.0,MIA,12,7,1,0,0.667,0,-10,-7,-1,0,1490.2,1480.5,9.700000000000045,3,3,0,10.6,8.0,5.2,4.6,4.0,0.6,2.5999999999999996,0.6000000000000005,3.4,1
0022401156,2025-04-09,BOS @ ORL,ORL,1,2,0,0,0.0,BOS,3,4,0,1,0.25,0,-2,-2,0,-1,1500.0,1597.6,-97.59999999999991,0,1,1,8.6,7.8,1.8,3.8,1.6,2.0,0.7999999999999998,-1.9999999999999998,-0.3999999999999999,1
0022401168,2025-04-10,CLE @ IND,IND,10,8,2,2,0.4,CLE,3,2,2,1,0.333,1,7,6,0,1,1543.9,1612.2,-68.29999999999995,0,3,3,11.0,9.2,4.8,4.0,3.6,2.4,1.8000000000000007,0.7999999999999998,1.2000000000000002,1
0022401169,2025-04-10,ATL @ BKN,BKN,0,1,4,1,0.0,ATL,10,9,9,4,0.444,0,-10,-8,-5,-3,1426.8,1495.1,-68.29999999999995,0,0,0,7.2,8.0,3.8,3.6,3.8,3.6,-0.7999999999999998,0.19999999999999973,0.19999999999999973,1
0022401170,2025-04-10,MIN @ MEM,MEM,23,1,1,2,0.444,MIN,0,0,0,0,,1,23,1,1,2,1534.1,1539.0,-4.900000000000091,1,0,-1,14.0,10.8,3.6,5.0,2.8,3.6,3.1999999999999993,-1.4,-0.8000000000000003,1
0022401167,2025-04-10,NYK @ DET,DET,18,13,2,3,1.0,NYK,15,2,5,3,0.333,1,3,11,-3,0,1514.6,1548.8,-34.200000000000045,1,2,1,11.2,6.4,4.4,1.4,1.8,2.4,4.799999999999999,3.0000000000000004,-0.5999999999999999,1
0022401161,2025-04-10,NOP @ MIL,MIL,20,5,7,0,0.545,NOP,21,5,6,4,0.364,0,-1,0,1,-4,1534.1,1402.4,131.69999999999982,3,0,-3,14.8,15.8,3.8,4.0,3.0,4.6,-1.0,-0.20000000000000018,-1.5999999999999996,1
0022401174,2025-04-11,BOS vs. CHA,BOS,19,3,7,3,0.667,CHA,9,4,4,0,0.429,1,10,-1,3,3,1597.6,1392.7,204.89999999999986,3,3,0,12.2,11.4,3.6,6.4,3.8,2.4,0.7999999999999989,-2.8000000000000003,1.4,1
0022401175,2025-04-11,CLE @ NYK,NYK,8,11,5,2,0.5,CLE,26,2,13,3,0.588,0,-18,9,-8,-1,1548.8,1612.2,-63.40000000000009,3,1,-2,8.4,10.8,3.8,3.2,3.0,4.2,-2.4000000000000004,0.5999999999999996,-1.2000000000000002,1
0022401177,2025-04-11,NOP vs. MIA,NOP,14,7,2,3,0.5,MIA,10,5,3,0,0.5,1,4,2,-1,3,1402.4,1480.5,-78.09999999999991,3,3,0,8.8,5.6,2.8,5.2,2.2,0.8,3.200000000000001,-2.4000000000000004,1.4000000000000001,1
0022401176,2025-04-11,CHI vs. WAS,CHI,12,1,4,2,0.333,WAS,8,3,1,3,0.231,1,4,-2,3,-1,1490.2,1387.8,102.40000000000009,2,1,-1,8.0,10.6,2.6,4.6,2.6,2.6,-2.5999999999999996,-1.9999999999999996,0.0,1
0022401178,2025-04-11,DAL vs. TOR,DAL,14,8,4,0,0.75,TOR,26,9,3,3,0.48,0,-12,-1,1,-3,1490.2,1446.3,43.90000000000009,1,3,2,9.0,14.6,4.4,5.0,2.2,3.6,-5.6,-0.5999999999999996,-1.4,1
0022401180,2025-04-11,DEN vs. MEM,DEN,8,5,1,0,0.375,MEM,21,2,6,3,0.381,0,-13,3,-5,-3,1543.9,1534.1,9.800000000000182,0,2,2,6.2,9.6,3.0,3.2,0.6,2.0,-3.3999999999999995,-0.20000000000000018,-1.4,1
0022401173,2025-04-11,ATL @ PHI,PHI,18,6,1,3,0.889,ATL,12,3,0,1,0.556,1,6,3,1,2,1417.1,1495.1,-78.0,0,2,2,11.2,9.6,3.0,3.8,2.8,3.6,1.5999999999999996,-0.7999999999999998,-0.8000000000000003,1
0022401185,2025-04-11,HOU @ LAL,LAL,3,6,3,1,0.25,HOU,11,2,4,2,0.571,0,-8,4,-1,-1,1543.9,1553.7,-9.799999999999955,3,2,-1,9.0,7.0,3.2,2.6,2.8,2.2,2.0,0.6000000000000001,0.5999999999999996,1
0022401184,2025-04-11,LAC @ SAC,SAC,19,16,5,4,0.533,LAC,16,2,1,1,0.545,1,3,14,4,3,1495.1,1543.9,-48.80000000000018,3,1,-2,14.2,11.4,6.8,4.0,5.0,1.2,2.799999999999999,2.8,3.8,1
0022401179,2025-04-11,MIN vs. BKN,MIN,7,5,2,0,0.5,BKN,15,8,4,1,0.467,0,-8,-3,-2,-1,1539.0,1426.8,112.20000000000005,1,2,1,7.6,15.0,2.2,5.0,1.8,2.4,-7.4,-2.8,-0.5999999999999999,1
0022401172,2025-04-11,ORL @ IND,IND,15,8,3,5,0.545,ORL,7,2,4,3,0.6,1,8,6,-1,2,1543.9,1500.0,43.90000000000009,1,2,1,10.4,11.4,6.0,2.6,2.0,2.6,-1.0,3.4,-0.6000000000000001,1
0022401182,2025-04-11,PHX vs. SAS,PHX,2,3,0,0,0.167,SAS,0,0,1,1,0.0,1,2,3,-1,-1,1475.6,1465.9,9.699999999999818,1,1,0,5.4,11.2,4.2,2.6,1.0,2.8,-5.799999999999999,1.6,-1.7999999999999998,1
0022401181,2025-04-11,OKC @ UTA,UTA,16,6,3,1,0.429,OKC,9,2,1,0,0.4,1,7,4,2,1,1382.9,1631.7,-248.79999999999995,3,1,-2,12.2,7.0,3.0,4.0,3.0,1.8,5.199999999999999,-1.0,1.2,1
0022401171,2025-04-11,DET vs. MIL,DET,21,0,0,0,0.438,MIL,10,1,1,0,0.429,1,11,-1,-1,0,1514.6,1534.1,-19.5,3,1,-2,12.6,12.4,3.2,3.4,1.2,3.2,0.1999999999999993,-0.19999999999999973,-2.0,1
0022401183,2025-04-11,GSW @ POR,POR,0,3,0,0,0.0,GSW,9,2,1,1,0.3,0,-9,1,-1,-1,1475.6,1534.1,-58.5,1,1,0,11.8,5.2,4.6,3.2,3.2,2.0,6.6000000000000005,1.3999999999999995,1.2000000000000002,1
0022401189,2025-04-13,CLE vs. IND,CLE,20,5,5,7,0.368,IND,21,6,2,1,0.438,0,-1,-1,3,6,1612.2,1543.9,68.29999999999995,3,0,-3,16.2,9.6,3.6,3.4,2.6,1.8,6.6,0.20000000000000018,0.8,1
0022401196,2025-04-13,NOP vs. OKC,NOP,3,2,3,0,0.2,OKC,26,10,2,2,0.526,0,-23,-8,1,-2,1402.4,1631.7,-229.29999999999995,0,0,0,9.4,12.2,3.2,5.6,2.8,2.2,-2.799999999999999,-2.3999999999999995,0.5999999999999996,1
0022401191,2025-04-13,CHI @ PHI,PHI,16,9,0,1,0.667,CHI,7,3,1,2,1.0,1,9,6,-1,-1,1417.1,1490.2,-73.10000000000014,2,3,1,14.4,9.8,4.6,3.6,2.8,3.6,4.6,0.9999999999999996,-0.8000000000000003,1
0022401194,2025-04-13,DAL @ MEM,MEM,22,6,2,3,0.75,DAL,6,3,0,0,0.375,1,16,3,2,3,1534.1,1490.2,43.899999999999864,2,2,0,14.0,5.6,2.8,2.8,1.6,1.0,8.4,0.0,0.6000000000000001,1
0022401193,2025-04-13,DEN @ HOU,HOU,11,3,0,0,1.0,DEN,2,0,1,0,0.0,1,9,3,-1,0,1553.7,1543.9,9.799999999999955,3,0,-3,13.2,9.6,6.8,1.8,2.8,2.0,3.5999999999999996,5.0,0.7999999999999998,1
0022401198,2025-04-13,GSW vs. LAC,GSW,14,3,4,2,0.556,LAC,22,17,3,0,0.688,0,-8,-14,1,2,1534.1,1543.9,-9.800000000000182,0,3,3,8.0,15.8,4.2,7.4,0.8,1.8,-7.800000000000001,-3.2,-1.0,1
0022401195,2025-04-13,MIN vs. UTA,MIN,0,0,0,0,0.0,UTA,14,4,4,1,0.556,0,-14,-4,-4,-1,1539.0,1382.9,156.0999999999999,2,0,-2,5.8,13.4,1.8,4.4,1.8,5.2,-7.6000000000000005,-2.6000000000000005,-3.4000000000000004,1
0022401190,2025-04-13,MIA vs. WAS,MIA,13,4,1,0,0.5,WAS,15,7,9,1,0.333,0,-2,-3,-8,-1,1480.5,1387.8,92.70000000000005,2,3,1,12.2,12.8,5.0,5.6,3.2,4.0,-0.6000000000000014,-0.5999999999999996,-0.7999999999999998,1
0022401192,2025-04-13,MIL vs. DET,MIL,15,3,7,5,0.5,DET,8,6,5,1,0.667,1,7,-3,2,4,1534.1,1514.6,19.5,1,1,0,13.8,10.0,3.4,6.8,3.8,2.8,3.8000000000000007,-3.4,1.0,1
0022401188,2025-04-13,BKN vs. NYK,BKN,11,8,2,2,0.364,NYK,29,2,0,0,0.529,0,-18,6,2,2,1426.8,1548.8,-122.0,2,1,-1,8.2,12.2,4.4,1.8,3.2,2.4,-4.0,2.6000000000000005,0.8000000000000003,1
0022401200,2025-04-13,PHX @ SAC,SAC,0,1,1,0,0.0,PHX,4,1,0,0,0.5,0,-4,0,1,0,1495.1,1475.6,19.5,2,2,0,11.4,11.4,6.0,3.2,4.8,1.0,0.0,2.8,3.8,1
0022401197,2025-04-13,SAS vs. TOR,SAS,20,8,6,4,0.313,TOR,9,14,10,2,0.286,1,11,-6,-4,2,1465.9,1446.3,19.600000000000136,2,1,-1,13.4,14.2,5.4,7.4,4.4,4.4,-0.7999999999999989,-2.0,0.0,1
0022401186,2025-04-13,ATL vs. ORL,ATL,3,4,0,0,0.5,ORL,14,7,6,1,0.385,0,-11,-3,-6,-1,1495.1,1500.0,-4.900000000000091,3,1,-2,7.2,13.0,4.4,3.0,2.2,3.4,-5.8,1.4000000000000004,-1.1999999999999997,1
0022401199,2025-04-13,LAL @ POR,POR,13,10,1,2,0.5,LAL,3,8,1,5,0.5,1,10,2,0,-3,1475.6,1543.9,-68.30000000000018,0,2,2,11.2,5.4,6.2,3.8,2.6,0.4,5.799999999999999,2.4000000000000004,2.2,1
0022401187,2025-04-13,BOS vs. CHA,BOS,4,3,0,1,0.25,CHA,8,3,2,0,0.6,0,-4,0,-2,1,1597.6,1392.7,204.89999999999986,2,2,0,12.8,12.2,4.0,5.8,3.8,1.8,0.6000000000000014,-1.7999999999999998,1.9999999999999998,1
